selection_method,run,generation,best_fitness,avg_fitness,diversity,fitness_delta,normalized_fitness,inv_best_fitness,inv_avg_fitness
roulette,0,0,0.2033725741396809,0.24491862214794227,0.014966772521642767,0.0,0.0,4.917059673215856,4.082972165439467
roulette,0,1,0.2033725741396809,0.23299626622366063,0.013168342665554372,0.0,0.0,4.917059673215856,4.291895850143031
roulette,0,2,0.19853626322902962,0.22098446666671304,0.014501274140465575,0.004836310910651287,0.02378054627626236,5.036837839586894,4.525184461601653
roulette,0,3,0.19577762174958113,0.21578101442041814,0.013763166865551613,0.002758641479448487,0.037345017745034736,5.107809989995189,4.63430653702052
roulette,0,4,0.19540420517687174,0.20831097504813925,0.009400893991275049,0.0003734165727093952,0.039181138344329125,5.117570942364848,4.8004921453454985
roulette,0,5,0.192164453310055,0.20325552098449648,0.006577243529553349,0.0032397518668167424,0.055111269929287166,5.203848989373343,4.919891352840166
roulette,0,6,0.1898986270247967,0.20030120761425035,0.006488910540193807,0.0022658262852582878,0.0662525277652728,5.265939779173037,4.992456208599749
roulette,0,7,0.18982372468916725,0.19537877262912595,0.003075063293335221,7.490233562945647e-05,0.06662082883018439,5.268017649636908,5.118237095598536
roulette,0,8,0.18973574992029965,0.19368046650149337,0.002267896684390777,8.797476886759914e-05,0.06705340814546201,5.270460258331912,5.163116626816173
roulette,0,9,0.18939251491102185,0.19220964821137623,0.0019371940386972838,0.00034323500927779804,0.06874112346661465,5.280011833931091,5.202625397216749
roulette,0,10,0.1844138756528586,0.19101426424690096,0.0028029239385873646,0.004978639258163248,0.09322151016194069,5.422556051727593,5.23518371132596
roulette,0,11,0.1844138756528586,0.18928976859360133,0.0028131125609454086,0.0,0.09322151016194069,5.422556051727593,5.282877804500623
roulette,0,12,0.18430387175949453,0.1875435854684934,0.002762773456224928,0.00011000389336407457,0.09376240852952744,5.425792549341467,5.332065425946382
roulette,0,13,0.18430387175949453,0.18600654582648254,0.0012715052237346866,0.0,0.09376240852952744,5.425792549341467,5.376125982183818
roulette,0,14,0.1838310779989839,0.18542727214567828,0.0010368511936846233,0.0004727937605106258,0.09608717509409825,5.439747028293546,5.39292087678177
roulette,0,15,0.18379881702635525,0.1850301450545794,0.0007991963703313675,3.2260972628650464e-05,0.09624580500162205,5.440701825381082,5.40449554968179
roulette,1,0,0.20746271918417342,0.2347013058968542,0.017309115146264584,0.0,0.0,4.8201198934077825,4.260716554014067
roulette,1,1,0.19321696209865347,0.22519521603321288,0.017128549219439976,0.01424575708551995,0.06866658810575688,5.175502262514387,4.440571949275186
roulette,1,2,0.1924989554979451,0.21470606209964285,0.014601936947837055,0.0007180066007083652,0.07212748268735625,5.194806395737971,4.657508654912863
roulette,1,3,0.1863627519686414,0.2049546738369642,0.007872359712419164,0.006136203529303691,0.10170486195546624,5.365850329994781,4.879103765604794
roulette,1,4,0.1863627519686414,0.20215897828584797,0.007590572956973061,0.0,0.10170486195546624,5.365850329994781,4.946577500053106
roulette,1,5,0.1863106652602125,0.1971152046191166,0.008395162838351542,5.2086708428905615e-05,0.10195592734511183,5.367350447989117,5.073149627308817
roulette,1,6,0.18565249419741908,0.19101506423324482,0.007275454018877488,0.0006581710627934223,0.1051284060698755,5.386378556046061,5.2351617860732675
roulette,1,7,0.18289611425817107,0.18768641903895486,0.0033280150757528317,0.002756379939248016,0.11841455188965078,5.467554827510485,5.328007626299385
roulette,1,8,0.18289611425817107,0.18671966850451838,0.0024661256331919377,0.0,0.11841455188965078,5.467554827510485,5.355593507720338
roulette,1,9,0.17883019551267368,0.18428489986219782,0.002402193697322439,0.004065918745497388,0.13801286218600772,5.591865541877063,5.426351124789053
roulette,1,10,0.17618845388774812,0.1830538586619183,0.002589462832629629,0.0026417416249255588,0.15074643492290207,5.6757086076054755,5.462843255348318
roulette,1,11,0.17618845388774812,0.1814289591623806,0.0024112510048331097,0.0,0.15074643492290207,5.6757086076054755,5.5117688645070775
roulette,1,12,0.1751463084857573,0.18040107206763062,0.0025889540741054133,0.0010421454019908238,0.15576972491972152,5.709479686816417,5.543173581870566
roulette,1,13,0.17421947224985368,0.17816764011498787,0.0018774614454586196,0.0009268362359036164,0.16023720823213694,5.739853572236198,5.6126600020891
roulette,1,14,0.17362887048969902,0.17664390638174013,0.0020146174209748533,0.0005906017601546576,0.16308399324718514,5.759377676085562,5.6610746411161195
roulette,1,15,0.17222026530408935,0.17503350121640832,0.001617274009925455,0.0014086051856096737,0.1698736718513646,5.806483875462824,5.71315936601336
roulette,1,16,0.1712826483484015,0.17430169501707035,0.0013386559456528737,0.0009376169556878367,0.1743931197761528,5.838268916166115,5.737145945460367
roulette,1,17,0.17126978235161136,0.17340935472349076,0.0012397544592404057,1.2865996790151213e-05,0.17445513572215376,5.8387074915501005,5.766668326090083
roulette,1,18,0.17094797261792524,0.1726572282846033,0.0010128288445172455,0.0003218097336861181,0.176006304698207,5.8496988000917804,5.791788841662604
roulette,1,19,0.1704521985287689,0.17188992781740142,0.0008364569469304853,0.0004957740891563533,0.17839600676663614,5.866713025225051,5.817642691778901
roulette,2,0,0.21253882798975302,0.23810437956462221,0.0153692646656132,0.0,0.0,4.705000514295194,4.199821112099646
roulette,2,1,0.21127622649267386,0.22843309914634605,0.013400648053388656,0.0012626014970791577,0.0059405686434858,4.733117793150676,4.37763015126455
roulette,2,2,0.20182746143443514,0.22157998861990047,0.009067166238194157,0.009448765058238717,0.05039722227053167,4.9547025870028465,4.513022557704162
roulette,2,3,0.1995861624447128,0.2178994937911242,0.009046281109318438,0.0022412989897223345,0.06094258478580061,5.010342287305216,4.589250729090057
roulette,2,4,0.19906288969935587,0.21104910629760898,0.0074603125359535526,0.0005232727453569341,0.06340459490558048,5.023512810436336,4.738211306986341
roulette,2,5,0.19906288969935587,0.20679514856539957,0.006539590059148476,0.0,0.06340459490558048,5.023512810436336,4.835680001476181
roulette,2,6,0.19573444736934953,0.20232282002872687,0.004899577164509792,0.0033284423300063426,0.07906499146223611,5.108936646069103,4.94257176371035
roulette,2,7,0.19338063287897697,0.2005650601454017,0.004129244722102827,0.0023538144903725577,0.09013974195670127,5.171121916349858,4.985888436333861
roulette,2,8,0.19338063287897697,0.2005372560480802,0.004402444139358455,0.0,0.09013974195670127,5.171121916349858,4.986579716541687
roulette,2,9,0.19338063287897697,0.198037114880549,0.0020053697148449965,0.0,0.09013974195670127,5.171121916349858,5.049533018445322
roulette,2,10,0.19247197644007713,0.196353025683732,0.0020513355586383045,0.0009086564388998408,0.0944149910840919,5.195534555009759,5.0928418529636
roulette,2,11,0.19247197644007713,0.1955529754708601,0.0018946291767069977,0.0,0.0944149910840919,5.195534555009759,5.113677682042379
roulette,2,12,0.19121879705444897,0.1943074503287247,0.0017890356723138526,0.0012531793856281614,0.10031122847977658,5.22958404623374,5.1464565658788
roulette,2,13,0.19079770506123608,0.19257770577712685,0.0011973078323098262,0.0004210919932128854,0.10229247584617862,5.241125717698419,5.1926821086715025
roulette,2,14,0.190101106600091,0.1920091960378783,0.0009334184289549361,0.0006965984611450871,0.10556998738481704,5.260330976256111,5.208056762791532
roulette,3,0,0.19971643269083134,0.2361243010856529,0.018352557998874145,0.0,0.0,5.007074177385559,4.235039597206301
roulette,3,1,0.19971643269083134,0.2256176149827461,0.015493680343100252,0.0,0.0,5.007074177385559,4.432258393557082
roulette,3,2,0.19625851236320033,0.2128907104299328,0.013636328188540034,0.003457920327631009,0.017314150273172624,5.095294429089314,4.69722375747045
roulette,3,3,0.1962407900861918,0.20737758748997379,0.011839952341991776,1.7722277008525023e-05,0.01740288747306018,5.095754576845165,4.822098617333611
roulette,3,4,0.19292704425500656,0.2036821630844889,0.009559667219624021,0.0033137458311852386,0.03399514173345464,5.1832796204486975,4.909585970958211
roulette,3,5,0.19123499234329844,0.20037136418213403,0.006681661015339597,0.0016920519117081256,0.04246741358865791,5.229141166087835,4.990708195123267
roulette,3,6,0.1893859579017829,0.1972125857647265,0.006391925947832952,0.0018490344415155457,0.05172571255085656,5.28019464000581,5.070644581215557
roulette,3,7,0.1847016159077655,0.1944466813144518,0.004386325021380538,0.004684341994017405,0.07518067782789495,5.414108485065353,5.142771532373514
roulette,3,8,0.1833130653603269,0.19140903114457133,0.004400723955231577,0.0013885505474385829,0.08213328823020527,5.4551187768073,5.224386590505821
roulette,3,9,0.18283260806487447,0.18960499510007336,0.00374174061842129,0.00048045729545243,0.08453898559310669,5.469453950967111,5.274094837941193
roulette,3,10,0.18206705845264085,0.1865987965783787,0.003560196996827582,0.0007655496122336292,0.08837216848106033,5.492451605728074,5.359062648173701
roulette,3,11,0.18037099775212637,0.18456601505606224,0.0032721722848991905,0.001696060700514479,0.09686451273968244,5.544097822624527,5.418086214897337
roulette,3,12,0.18037099775212637,0.18310389385784695,0.0015839752281750605,0.0,0.09686451273968244,5.544097822624527,5.461350480213531
roulette,3,13,0.17966129379417095,0.18253549914384956,0.0013525258385470478,0.0007097039579554154,0.10041807089407861,5.565998178480589,5.478356409212937
roulette,3,14,0.1670674401583604,0.18127818808905433,0.003981047333996109,0.012593853635810559,0.16347674596718254,5.98557093758775,5.516353038324206
roulette,3,15,0.1670674401583604,0.17964767608611895,0.004932268606452673,0.0,0.16347674596718254,5.98557093758775,5.5664200916272035
roulette,3,16,0.1670674401583604,0.17802180061395775,0.0048210935122048005,0.0,0.16347674596718254,5.98557093758775,5.617257994769439
roulette,3,17,0.16609852603063388,0.17388094513938476,0.006135111352671862,0.0009689141277265112,0.16832819516779207,6.020486776196876,5.75102837271802
roulette,3,18,0.16608458067622794,0.16902008003054475,0.004031476387519961,1.3945354405936472e-05,0.16839802094135525,6.020992285594191,5.916421784899756
roulette,3,19,0.1657178988364598,0.16707043938391455,0.0008742038579697307,0.0003666818397681515,0.1702340333056247,6.034314776535252,5.985463486084497
roulette,4,0,0.19231522535598297,0.24203153906703534,0.016081292177867607,0.0,0.0,5.199769276611844,4.1316758641408615
roulette,4,1,0.19231522535598297,0.22969733760082978,0.019388449278669125,0.0,0.0,5.199769276611844,4.353536078862712
roulette,4,2,0.19021235445222207,0.21685164015915273,0.01944689849638136,0.002102870903760906,0.01093450037493604,5.25725442821724,4.611426447315001
roulette,4,3,0.1897899529219201,0.2059450502164719,0.016659736748595808,0.00042240153030195793,0.013130902295377167,5.268955050831108,4.855640586206389
roulette,4,4,0.1895774544192415,0.1968550737194611,0.008051549212651679,0.0002124985026785986,0.014235851226410912,5.274861022912231,5.079853423395493
roulette,4,5,0.18366456896069303,0.19281409482653789,0.004678153151722314,0.005912885458548484,0.04498165124096254,5.444678638781849,5.186315941185151
roulette,4,6,0.18343219310221892,0.18954326370369476,0.002948659048224816,0.00023237585847410425,0.046189958373400786,5.451576037509993,5.275812522415613
roulette,4,7,0.1828534146699559,0.1863358227924937,0.0032054791980673752,0.0005787784322630329,0.04919948833230914,5.468831593729665,5.366625796306556
roulette,4,8,0.18265757990290957,0.18430129489818356,0.0020213781445674347,0.0001958347670463212,0.05021778923221876,5.474694922798264,5.425868411201513
roulette,4,9,0.18265757990290957,0.18340359767213454,0.0004893451237777855,0.0,0.05021778923221876,5.474694922798264,5.452426017081983
tournament,0,0,0.2086821022212524,0.22161840218847512,0.008688024970293248,0.0,0.0,4.791954831780143,4.512240309851369
tournament,0,1,0.20662316398681624,0.2127601727940435,0.004362289161416723,0.002058938234436175,0.009866386300120822,4.839705002091651,4.700105695356442
tournament,0,2,0.20620706120439802,0.20796115152060551,0.0009729028022255923,0.0004161027824182151,0.01186034159379068,4.849470938038536,4.808567293077448
tournament,1,0,0.20492451603387016,0.23440625985062907,0.014115701575024979,0.0,0.0,4.879821797470647,4.26607947483038
tournament,1,1,0.20145333565319506,0.21829026614522104,0.007504201720892553,0.003471180380675093,0.01693882434301508,4.963904086539524,4.581035318814529
tournament,1,2,0.20123066255815786,0.20844988375718196,0.005639548528624508,0.0002226730950372069,0.018025434668352602,4.969396899511231,4.797293165544308
tournament,1,3,0.1957158704275957,0.2024858167574613,0.002222458420873695,0.005514792130562163,0.04493676883810449,5.109421573190054,4.938593119362432
tournament,1,4,0.19463906373740372,0.19923169790074946,0.002487943754926086,0.0010768066901919726,0.05019141923832304,5.137688412130495,5.01925642997699
tournament,1,5,0.19138631478180065,0.19614694363807167,0.0020863746678945003,0.0032527489556030686,0.06606433195056027,5.225006689393668,5.0981926267102775
tournament,1,6,0.19096041154065216,0.19424512880712863,0.001418458513406486,0.0004259032411484953,0.06814267401226892,5.236660076672708,5.148107744236811
tournament,1,7,0.19081876045689575,0.19232062670630315,0.0015567452213151281,0.0001416510837564111,0.06883390943152445,5.240547402457776,5.199623241161084
tournament,1,8,0.19027976529965845,0.19099011006389685,0.00041221878310966967,0.0005389951572372931,0.07146412258351365,5.255391938460923,5.235845792327433
tournament,2,0,0.20952162549536374,0.2268735514006492,0.01303546138342949,0.0,0.0,4.772754243775585,4.407722214000325
tournament,2,1,0.17858011908864146,0.21372812416779238,0.01139317178547683,0.030941506406722274,0.1476769108370961,5.599696121870727,4.678819528661568
tournament,2,2,0.17858011908864146,0.2068243182546298,0.011985772069983696,0.0,0.1476769108370961,5.599696121870727,4.83499799946574
tournament,2,3,0.17829225240154478,0.1935231639142255,0.00844551288542798,0.00028786668709668284,0.14905083434697763,5.608737215404209,5.1673133720046645
tournament,2,4,0.16500831642636754,0.18236375554166614,0.008247246717222519,0.013283935975177241,0.21245209874520177,6.060263878774579,5.483515699235662
tournament,2,5,0.16390747807498227,0.1751737946524906,0.005464085652245589,0.0011008383513852749,0.2177061547348048,6.100965683681937,5.708583828990846
tournament,2,6,0.16254491846123012,0.168356589187423,0.005920200994750848,0.0013625596137521456,0.22420934795188052,6.15210772110846,5.93973817768771
tournament,2,7,0.16116355899023596,0.16340515529942676,0.0008268830057676066,0.001381359470994159,0.23080226869563802,6.204838124867045,6.119720509717593
tournament,3,0,0.2124362732994613,0.22358847308093238,0.010756213048682328,0.0,0.0,4.7072718665069395,4.472482475228301
tournament,3,1,0.20729694936585086,0.21583984270985393,0.005763079199753541,0.00513932393361044,0.024192308845324972,4.823974395593971,4.633043438142332
tournament,3,2,0.20266606540977483,0.2104853949945157,0.0032870310104771974,0.004630883956076026,0.04599124122232112,4.934200818362316,4.750900883765221
tournament,3,3,0.20240242737687972,0.20609464135461436,0.0020185654647704543,0.0002636380328951138,0.047232262959336246,4.940627799439273,4.852116199193994
tournament,3,4,0.20098045415903154,0.20338544448116716,0.0014103035828464214,0.001421973217848177,0.053925908991451,4.975583464575419,4.916748520536708
tournament,3,5,0.19987508625445585,0.20149728479857948,0.0007355311861101907,0.0011053679045756881,0.059129200724108655,5.003099764155538,4.962821400686433
tournament,4,0,0.20469416926297343,0.23053724832347547,0.010414932974463175,0.0,0.0,4.885313139536246,4.337675016064443
tournament,4,1,0.20317609474921114,0.21765515479168085,0.010645103709175176,0.0015180745137622909,0.007416305599853179,4.921814642710274,4.59440258400734
tournament,4,2,0.20201367615212384,0.20812311177093043,0.004869343894529136,0.0011624185970872947,0.013095112188593494,4.950135401286223,4.804825310681154
tournament,4,3,0.19974218889143794,0.20281640770959955,0.001183687843199282,0.002271487260685906,0.02419209296173752,5.006428532306592,4.930543247213928
tournament,4,4,0.19969822659613773,0.20138339894215546,0.0009396239262214674,4.396229530020945e-05,0.024406863589833572,5.007530660208078,4.9656279495972
ranking,0,0,0.22162331368661792,0.25813806366478687,0.018836392585737764,0.0,0.0,4.512140312429907,3.8738809454216345
ranking,0,1,0.22162331368661792,0.2628168820561607,0.016530721020537688,0.0,0.0,4.512140312429907,3.8049161349923417
ranking,0,2,0.22162331368661792,0.26585129769873483,0.019444101503045624,0.0,0.0,4.512140312429907,3.7614871440125945
ranking,0,3,0.22162331368661792,0.2701336564151657,0.02049870681692625,0.0,0.0,4.512140312429907,3.701857485709334
ranking,0,4,0.22162331368661792,0.2741434870177943,0.02075062800930189,0.0,0.0,4.512140312429907,3.647711507454431
ranking,0,5,0.22162331368661792,0.2767088083577636,0.02017290516921284,0.0,0.0,4.512140312429907,3.6138943029698467
ranking,0,6,0.22162331368661792,0.28045121691262564,0.021290076085106212,0.0,0.0,4.512140312429907,3.5656697993282336
ranking,0,7,0.22162331368661792,0.28422286044262907,0.022071814537151103,0.0,0.0,4.512140312429907,3.518353450138474
ranking,0,8,0.22162331368661792,0.28993750162772364,0.023536136159364215,0.0,0.0,4.512140312429907,3.449007270114074
ranking,0,9,0.22162331368661792,0.2939020058748758,0.02415126357835701,0.0,0.0,4.512140312429907,3.4024830641770745
ranking,1,0,0.20578674485716586,0.25667477443714076,0.020976461236683244,0.0,0.0,4.859375861736008,3.895965648464022
ranking,1,1,0.20578674485716586,0.26635083703818524,0.021484171806346625,0.0,0.0,4.859375861736008,3.754432524738458
ranking,1,2,0.20578674485716586,0.2697465871477609,0.021028007373121573,0.0,0.0,4.859375861736008,3.707169397041633
ranking,1,3,0.20578674485716586,0.27107018577837755,0.021579391386914157,0.0,0.0,4.859375861736008,3.6890678628512745
ranking,1,4,0.20578674485716586,0.2686194634021191,0.0236277043875111,0.0,0.0,4.859375861736008,3.722724573306321
ranking,1,5,0.20578674485716586,0.27208067712658013,0.025395389664928797,0.0,0.0,4.859375861736008,3.6753669359909584
ranking,1,6,0.20578674485716586,0.2755890172443586,0.02294640153753826,0.0,0.0,4.859375861736008,3.6285784586795313
ranking,1,7,0.20578674485716586,0.2748626612195951,0.02646225531910097,0.0,0.0,4.859375861736008,3.6381673574560898
ranking,1,8,0.20572083108403294,0.2763153582779963,0.027478928444801973,6.591377313291957e-05,0.00032030135458271936,4.8609328175361295,3.619040169145253
ranking,1,9,0.20572083108403294,0.2737282811992837,0.029661936505357585,0.0,0.00032030135458271936,4.8609328175361295,3.6532445327687393
ranking,2,0,0.221454877945793,0.24975059817224984,0.012886642583137547,0.0,0.0,4.515572173003128,4.003978382193636
ranking,2,1,0.221454877945793,0.25415404817190446,0.014283495814925967,0.0,0.0,4.515572173003128,3.9346060886566527
ranking,2,2,0.221454877945793,0.25748557347898543,0.015351312174169504,0.0,0.0,4.515572173003128,3.883697648730466
ranking,2,3,0.221454877945793,0.26221671183578216,0.013877288803627149,0.0,0.0,4.515572173003128,3.813624918770801
ranking,2,4,0.221454877945793,0.2663413538781993,0.014675004472998117,0.0,0.0,4.515572173003128,3.7545662018790633
ranking,2,5,0.221454877945793,0.2653248214624278,0.016982691891307918,0.0,0.0,4.515572173003128,3.7689509241436867
ranking,2,6,0.221454877945793,0.26850326695755594,0.0160587928585726,0.0,0.0,4.515572173003128,3.7243355993224347
ranking,2,7,0.221454877945793,0.2683483924352511,0.018255140976489635,0.0,0.0,4.515572173003128,3.7264850534039717
ranking,2,8,0.221454877945793,0.26941976347090585,0.017908828345507066,0.0,0.0,4.515572173003128,3.711666417677522
ranking,2,9,0.22113758643523965,0.270751994583558,0.019919573627782836,0.0003172915105533469,0.0014327591855123334,4.522051154075047,3.693403286409033
ranking,3,0,0.21773378429367643,0.2560483929613261,0.018511003591265656,0.0,0.0,4.5927434297829945,3.905496468609246
ranking,3,1,0.21773378429367643,0.26192876598632553,0.01975003888903257,0.0,0.0,4.5927434297829945,3.8178173306664456
ranking,3,2,0.21773378429367643,0.26761647109655207,0.021083251256633705,0.0,0.0,4.5927434297829945,3.7366768167359905
ranking,3,3,0.21773378429367643,0.2675359671569358,0.023790771080408786,0.0,0.0,4.5927434297829945,3.7378012116486516
ranking,3,4,0.21773378429367643,0.2703650132358525,0.02448024512826376,0.0,0.0,4.5927434297829945,3.6986897429583907
ranking,3,5,0.21773378429367643,0.2771452093104972,0.021287149731207333,0.0,0.0,4.5927434297829945,3.608203779831111
ranking,3,6,0.21773378429367643,0.2815709569954992,0.022241798378295635,0.0,0.0,4.5927434297829945,3.5514900371132647
ranking,3,7,0.21773378429367643,0.28129065075117793,0.023888185447734436,0.0,0.0,4.5927434297829945,3.5550290857533122
ranking,3,8,0.21773378429367643,0.28399647505933395,0.024039745731063544,0.0,0.0,4.5927434297829945,3.521158065898564
ranking,3,9,0.21773378429367643,0.28671497607713076,0.023166669207270358,0.0,0.0,4.5927434297829945,3.487772162828435
ranking,4,0,0.22572809518701845,0.25859371183099844,0.013260904121320713,0.0,0.0,4.430089081655564,3.8670551030198115
ranking,4,1,0.22572809518701845,0.2623666491766576,0.014387934015152985,0.0,0.0,4.430089081655564,3.811445516008261
ranking,4,2,0.22572809518701845,0.26519838807419593,0.016132346534157762,0.0,0.0,4.430089081655564,3.7707477655273696
ranking,4,3,0.22572809518701845,0.2678363279392866,0.017232279525326768,0.0,0.0,4.430089081655564,3.733609529686916
ranking,4,4,0.22242483310683644,0.26684828530203636,0.017680115195987525,0.003303262080182001,0.014633810104343503,4.495880653933197,3.747433682905086
ranking,4,5,0.22242483310683644,0.2716311861662247,0.01918771644587262,0.0,0.014633810104343503,4.495880653933197,3.681448852265439
ranking,4,6,0.22242483310683644,0.27091090890755487,0.02025015556600264,0.0,0.014633810104343503,4.495880653933197,3.6912367715117202
ranking,4,7,0.22242483310683644,0.27750153405133415,0.018004250590723612,0.0,0.014633810104343503,4.495880653933197,3.6035706968175427
ranking,4,8,0.22242483310683644,0.27982823556915,0.01880687463606393,0.0,0.014633810104343503,4.495880653933197,3.57360801835477
ranking,4,9,0.22242483310683644,0.28162133744243073,0.019358180071728227,0.0,0.014633810104343503,4.495880653933197,3.5508546981093794
ranking,4,10,0.22242483310683644,0.28344240792438596,0.019979640653334817,0.0,0.014633810104343503,4.495880653933197,3.528041125820677
ranking,4,11,0.22242483310683644,0.2824634001695237,0.022661654149071217,0.0,0.014633810104343503,4.495880653933197,3.5402691432967854
ranking,4,12,0.22242483310683644,0.2852828302048718,0.020398964072684118,0.0,0.014633810104343503,4.495880653933197,3.5052810363695235
ranking,4,13,0.22242483310683644,0.28653993464529964,0.020972944367667987,0.0,0.014633810104343503,4.495880653933197,3.4899027646359495
boltzmann,0,0,0.21026869019670322,0.24873245727744436,0.015459446193060855,0.0,0.0,4.755797181536337,4.020367870674397
boltzmann,0,1,0.21026869019670322,0.2432352349798711,0.016665393764258626,0.0,0.0,4.755797181536337,4.111229562827079
boltzmann,0,2,0.21026496044394719,0.2350863348647178,0.016206826172437818,3.7297527560320454e-06,1.7738032003444815e-05,4.755881541114119,4.25373829932376
boltzmann,0,3,0.1892793101109223,0.2361837572101201,0.023311632427539034,0.02098565033302488,0.09982170938595591,5.283169704307746,4.233973486740963
boltzmann,0,4,0.18839405195966905,0.23439615304142952,0.026346490524312493,0.0008852581512532598,0.10403183762913426,5.30799503276804,4.266263420969327
boltzmann,0,5,0.18811287660232653,0.22662257076197412,0.02676459044710433,0.0002811753573425113,0.10536905696064525,5.31592893656646,4.412603669767051
boltzmann,0,6,0.18811287660232653,0.21370945618020012,0.019999149539451772,0.0,0.10536905696064525,5.31592893656646,4.679228231850305
boltzmann,0,7,0.18629399676989605,0.2090795934787691,0.017482289960112328,0.0018188798324304811,0.11401932168017592,5.3678306843374815,4.782844659858612
boltzmann,0,8,0.18629399676989605,0.20653690564424684,0.01620915780619137,0.0,0.11401932168017592,5.3678306843374815,4.841726253012652
boltzmann,0,9,0.185729795932137,0.20499416131663437,0.01696402729847752,0.0005642008377590435,0.11670255919514427,5.38413672854438,4.8781639214176655
boltzmann,0,10,0.185729795932137,0.20692597368772056,0.0197405747111544,0.0,0.11670255919514427,5.38413672854438,4.832622746946122
boltzmann,0,11,0.18529815943217015,0.20253999116637547,0.017287338710803717,0.0004316364999668587,0.11875534460776593,5.39667855517745,4.937272175085581
boltzmann,0,12,0.18529815943217015,0.196796125323451,0.01278929694125854,0.0,0.11875534460776593,5.39667855517745,5.081375037142561
boltzmann,0,13,0.18510224728485608,0.19551437236053532,0.010165445081534564,0.00019591214731407014,0.11968706747687596,5.402390366826446,5.114687341085255
boltzmann,0,14,0.18504402581476298,0.19411053928512018,0.011130928877909065,5.8221470093100525e-05,0.11996395829708617,5.40409014290953,5.151677245375675
boltzmann,0,15,0.18387588630512805,0.19222861535465022,0.00923785592628896,0.00116813950963493,0.12551941930529498,5.438421435637022,5.20211205830626
boltzmann,0,16,0.18355920727599476,0.1881890856165168,0.006284555293543519,0.00031667902913329327,0.12702548770205468,5.447803828726531,5.313776210494659
boltzmann,0,17,0.1829773232548007,0.18998834810976303,0.008451558666067492,0.0005818840211940512,0.1297928232509169,5.465128230558117,5.263452977491493
boltzmann,0,18,0.1829773232548007,0.1901617126367362,0.009468082072099015,0.0,0.1297928232509169,5.465128230558117,5.258654476128971
boltzmann,0,19,0.1828483661545999,0.1880828958727401,0.007184221135006842,0.00012895710020080497,0.1304061199813059,5.4689825894966235,5.3167763000645865
boltzmann,0,20,0.1828483661545999,0.1876692776275472,0.007438508408272416,0.0,0.1304061199813059,5.4689825894966235,5.328494275394064
boltzmann,0,21,0.18172828541454358,0.18705461011895816,0.006861516696034473,0.0011200807400563173,0.13573302214162508,5.5026904316433916,5.346003786596132
boltzmann,0,22,0.18172828541454358,0.1852946722906054,0.004537096590244636,0.0,0.13573302214162508,5.5026904316433916,5.3967801170858785
boltzmann,0,23,0.18172828541454358,0.18512675280133623,0.004700728682517358,0.0,0.13573302214162508,5.5026904316433916,5.401675247865819
boltzmann,0,24,0.1814588883182411,0.18479952029338118,0.004768775112922872,0.00026939709630247055,0.13701422618608106,5.510859778808074,5.411240176231344
boltzmann,0,25,0.18075181960145068,0.1844090649394967,0.004563578438369762,0.0007070687167904377,0.14037691758882387,5.532417155123451,5.42269751018249
boltzmann,0,26,0.17988740815125748,0.1839085146497056,0.004416942521411925,0.0008644114501931977,0.14448790267835165,5.55900188498616,5.437456576973251
boltzmann,0,27,0.17988740815125748,0.1852064736365574,0.005716855310191399,0.0,0.14448790267835165,5.55900188498616,5.399350146972761
boltzmann,0,28,0.17985738128695256,0.18269064270356733,0.001698318125646545,3.002686430492174e-05,0.14463070503412245,5.559929945130352,5.473704134472012
boltzmann,0,29,0.1792484576555225,0.182500140280428,0.0018501495956690503,0.0006089236314300583,0.14752663609670924,5.578817437326796,5.479417818778654
boltzmann,0,30,0.1792484576555225,0.18215972705785297,0.0018866883629080353,0.0,0.14752663609670924,5.578817437326796,5.489657491773224
boltzmann,0,31,0.1792484576555225,0.18121925233222938,0.0017763184823111837,0.0,0.14752663609670924,5.578817437326796,5.518147045544939
boltzmann,0,32,0.1792484576555225,0.1812517178683718,0.0017691458925531301,0.0,0.14752663609670924,5.578817437326796,5.517158648766931
boltzmann,0,33,0.1790926590880775,0.18094242843597272,0.0015629526901600177,0.00015579856744499243,0.14826758600845902,5.583670606161462,5.526589214340285
boltzmann,0,34,0.1786153679992049,0.18055432702234078,0.0014601108255100643,0.0004772910888725945,0.15053749641892522,5.598591054121375,5.538468548625355
boltzmann,0,35,0.17805079243092742,0.180202885085753,0.0015315658641295137,0.0005645755682774922,0.1532225160847126,5.616343347893761,5.549269925696294
boltzmann,0,36,0.17805079243092742,0.1801119763302195,0.0016372232958332138,0.0,0.1532225160847126,5.616343347893761,5.552070818965303
boltzmann,0,37,0.1779935572920177,0.17951061781021443,0.001078208482649013,5.7235138909705885e-05,0.15349471609155219,5.618149314304038,5.570670089204103
boltzmann,0,38,0.17751957359632609,0.17888462080595954,0.0009023801639086342,0.00047398369569162657,0.15574889713604445,5.633149892101834,5.590164237318538
boltzmann,1,0,0.211886396607057,0.2498335378483091,0.0155633373853082,0.0,0.0,4.719487879000607,4.00264914776181
boltzmann,1,1,0.211886396607057,0.25010111208729474,0.01691854118201862,0.0,0.0,4.719487879000607,3.9983668736510456
boltzmann,1,2,0.211886396607057,0.24444797796949957,0.020283534288666777,0.0,0.0,4.719487879000607,4.0908332213390235
boltzmann,1,3,0.20992377245703392,0.23794345073556752,0.022418161380124608,0.0019626241500230734,0.009262624601912295,4.763611213177205,4.202661574618188
boltzmann,1,4,0.20399394026220694,0.2286884138388094,0.020036572517281023,0.005929832194826984,0.03724852784903698,4.902082368879542,4.372742853348013
boltzmann,1,5,0.20399394026220694,0.22434586083674896,0.014670253090500171,0.0,0.03724852784903698,4.902082368879542,4.45738351885241
boltzmann,1,6,0.20324871601328465,0.21700951208615996,0.012704376506168751,0.0007452242489222882,0.04076562125784278,4.9200560749351245,4.608071703010261
boltzmann,1,7,0.19110771187719763,0.2120355981617682,0.013068201937715128,0.012141004136087014,0.09806521354173292,5.232623830579627,4.716166966785018
boltzmann,1,8,0.19110771187719763,0.21049317407078444,0.015159779566866349,0.0,0.09806521354173292,5.232623830579627,4.750725308263033
boltzmann,1,9,0.18412422699369338,0.2076476539706302,0.013171652429304742,0.006983484883504254,0.13102384135045964,5.4310863118949575,4.815827027424121
boltzmann,1,10,0.17842090621912085,0.20481365745731178,0.01647330616510072,0.005703320774572529,0.1579407216499974,5.604692950493954,4.882463063994449
boltzmann,1,11,0.17829556334641683,0.2042099981481945,0.02049612196865005,0.00012534287270402067,0.15853227861028907,5.60863306185591,4.896895902121329
boltzmann,1,12,0.17749175154792943,0.19837999129669562,0.019612636455674202,0.0008038117984874027,0.1623258765540876,5.634032890238698,5.040805540206295
boltzmann,1,13,0.17104424981530056,0.19022048664851868,0.01797172084304475,0.006447501732628869,0.192754926440597,5.846406147378123,5.257029674296194
boltzmann,1,14,0.1710328055734318,0.18573516678599672,0.011675360773275256,1.1444241868746596e-05,0.19280893765628615,5.846797343058937,5.383981037749043
boltzmann,1,15,0.1710204734126915,0.18258875944279118,0.012604643156178427,1.2332160740313736e-05,0.1928671394141045,5.84721894885622,5.476758406669126
boltzmann,1,16,0.17046300709881113,0.18125210621770776,0.009288873949534525,0.0005574663138803726,0.19549810734223527,5.866341035972129,5.51714682781146
boltzmann,1,17,0.1685724278337771,0.17953741521579605,0.01125055061781864,0.0018905792650340258,0.20442071537799378,5.932133034549528,5.569838626446885
boltzmann,1,18,0.1662897791462939,0.1785408501823319,0.010207933745308359,0.0022826486874832075,0.21519369903355312,6.013562538667598,5.6009277319506445
boltzmann,1,19,0.1662897791462939,0.17853337363534624,0.008384428402972302,0.0,0.21519369903355312,6.013562538667598,5.60116228397835
boltzmann,1,20,0.1662897791462939,0.1792235616493971,0.00902534065312599,0.0,0.21519369903355312,6.013562538667598,5.579592388437369
boltzmann,1,21,0.1662842976695704,0.17624335125508944,0.008784379059163506,5.481476723495637e-06,0.21521956891860128,6.013760771485189,5.673940712872197
boltzmann,1,22,0.16503694000660715,0.1728141381736349,0.006992389877035696,0.0012473576629632444,0.221106486072969,6.05921280864246,5.786530107074627
boltzmann,1,23,0.16378438396539732,0.1707416566057484,0.005771838928263322,0.001252556041209829,0.22701793702624895,6.105550909300114,5.8567672535928725
boltzmann,1,24,0.16378148412565108,0.16865723007453676,0.004904397485884613,2.899839746245414e-06,0.2270316228493725,6.105659010720691,5.92915032701375
boltzmann,1,25,0.1631430676743732,0.1674679373304725,0.004045210062450338,0.0006384164512778789,0.23004463577281098,6.129551716192012,5.971256615945821
boltzmann,1,26,0.1631430676743732,0.16843458077471657,0.006047481182104621,0.0,0.23004463577281098,6.129551716192012,5.936987870380576
boltzmann,1,27,0.16183664209703322,0.16712273439241826,0.0051984153058536355,0.0013064255773399813,0.23621032454877677,6.179032189559637,5.9835905632166515
boltzmann,1,28,0.16182658006447376,0.16721805271419118,0.005524536452122719,1.0062032559460254e-05,0.23625781241359767,6.179416386264874,5.980179792724864
boltzmann,1,29,0.16153839203880485,0.1672569644287706,0.00608375299351245,0.0002881880256689062,0.23761791872662053,6.190440532051655,5.978788534317393
boltzmann,1,30,0.1610351731717756,0.16598121947506664,0.005513767675253466,0.0005032188670292537,0.23999286527858088,6.209784921635653,6.024741705241609
boltzmann,1,31,0.15924586594441492,0.16456312554130412,0.0045175161494391426,0.0017893072273606758,0.24843751890435828,6.2795584331879395,6.076658546999108
boltzmann,1,32,0.15924586594441492,0.16425270848070686,0.004678330473867891,0.0,0.24843751890435828,6.2795584331879395,6.088142601160566
boltzmann,1,33,0.15924586594441492,0.1648163017655461,0.005738975216802317,0.0,0.24843751890435828,6.2795584331879395,6.067324178274122
boltzmann,1,34,0.15867707432001124,0.16417870784649363,0.0053250720510960615,0.0005687916244036806,0.251121936750486,6.302067908785353,6.090886706504496
boltzmann,1,35,0.15867707432001124,0.1630774538170858,0.004592663902000286,0.0,0.251121936750486,6.302067908785353,6.132017912811665
boltzmann,1,36,0.15863092296669645,0.1628156487103862,0.004873487763997163,4.615135331478837e-05,0.2513397485310146,6.303901391965994,6.141878044540596
boltzmann,1,37,0.15757199159970214,0.16210288567223125,0.0048904357740740525,0.001058931366994309,0.2563373858685267,6.346265244112369,6.168883588774468
boltzmann,1,38,0.15757199159970214,0.16145071261026636,0.0045579805673134815,0.0,0.2563373858685267,6.346265244112369,6.193802368723912
boltzmann,1,39,0.15757199159970214,0.16094771636404798,0.004651232395067879,0.0,0.2563373858685267,6.346265244112369,6.213159213634932
boltzmann,1,40,0.1572227974931964,0.15963034467381984,0.002857155831306833,0.0003491941065057458,0.2579854109994336,6.360360301329532,6.264433855664964
boltzmann,1,41,0.1572227974931964,0.16001576342915957,0.0035084204512836376,0.0,0.2579854109994336,6.360360301329532,6.249345247147848
boltzmann,1,42,0.15655209182770896,0.1604313533896222,0.004462233249223253,0.0006707056654874366,0.26115081319715594,6.38760939388235,6.23315670980294
boltzmann,1,43,0.15655209182770896,0.16018180073141736,0.004466063556674578,0.0,0.26115081319715594,6.38760939388235,6.24286749534818
boltzmann,1,44,0.15584172733212723,0.15941911692374627,0.004006837387560822,0.0007103644955817334,0.2645033856461513,6.416725484204539,6.2727340770821245
boltzmann,1,45,0.15584172733212723,0.1580115127324036,0.0021468646735424463,0.0,0.2645033856461513,6.416725484204539,6.328612732673355
boltzmann,1,46,0.15584172733212723,0.15765025006663994,0.0021246130717054133,0.0,0.2645033856461513,6.416725484204539,6.343114942490435
boltzmann,1,47,0.15584172733212723,0.1574551502244258,0.001055228995130334,0.0,0.2645033856461513,6.416725484204539,6.350974532113718
boltzmann,1,48,0.15497578734301465,0.15713110726959392,0.0010241573124491865,0.0008659399891125796,0.2685901982163724,6.452579235538487,6.364071718864464
boltzmann,1,49,0.15484704020080597,0.15693807728131362,0.0012072552468316477,0.0001287471422086739,0.2691978216611537,6.4579441800051605,6.371899321209197
boltzmann,1,50,0.15484704020080597,0.15691503023218992,0.001428947968855976,0.0,0.2691978216611537,6.4579441800051605,6.372835194213694
boltzmann,1,51,0.1537602120544937,0.15677871356480141,0.001812926692914785,0.0010868281463122798,0.2743271181318837,6.503590773241273,6.378376240537474
boltzmann,1,52,0.1537602120544937,0.15669091445340907,0.0019177568254782522,0.0,0.2743271181318837,6.503590773241273,6.38195023328623
boltzmann,1,53,0.1537602120544937,0.15625727663891958,0.0014577041906375851,0.0,0.2743271181318837,6.503590773241273,6.399661006826488
boltzmann,1,54,0.1537602120544937,0.15596639887212968,0.0015079377428208994,0.0,0.2743271181318837,6.503590773241273,6.411596315841959
boltzmann,1,55,0.15367626877052523,0.1563295138343821,0.0017155066364079202,8.394328396846285e-05,0.27472328931282153,6.507143235953947,6.396703851811098
boltzmann,1,56,0.15353390320206894,0.1564739683974996,0.001792049385937312,0.00014236556845628745,0.27539518505854177,6.513176998482809,6.390798542675912
boltzmann,1,57,0.15216059079996594,0.15514038108548445,0.0015247614605935279,0.0013733124021030052,0.28187654688305674,6.571960734260566,6.445733517410098
boltzmann,1,58,0.15162632580236612,0.1550004093750205,0.0019231010434893154,0.0005342649975998148,0.28439801596344616,6.595117302955132,6.451554240907158
boltzmann,1,59,0.15162632580236612,0.15482671086310515,0.002031493555627984,0.0,0.28439801596344616,6.595117302955132,6.458792127232155
boltzmann,1,60,0.15125637773397033,0.15499166943675005,0.0019864780548612794,0.00036994806839579786,0.2861439896282013,6.6112477618036465,6.451918039956615
boltzmann,1,61,0.1503589114741616,0.15467990269006782,0.0025411658091888958,0.0008974662598087157,0.29037959075304876,6.650708890393592,6.4649221888993464
boltzmann,1,62,0.15029163172907173,0.15446326800179114,0.0026997083328625117,6.72797450898821e-05,0.29069711819306954,6.6536861354765,6.473989181681839
boltzmann,1,63,0.15029163172907173,0.1541818369801799,0.00289989168872699,0.0,0.29069711819306954,6.6536861354765,6.485806199872618
boltzmann,1,64,0.15015602656959545,0.15348650021965415,0.0026286630970388273,0.00013560515947627638,0.2913371081199725,6.6596950062574365,6.515188523944372
boltzmann,1,65,0.15015602656959545,0.15398958147253072,0.0032355007397316376,0.0,0.2913371081199725,6.6596950062574365,6.49390365590887
boltzmann,1,66,0.14987305856958572,0.1540960832145876,0.0033098338090332686,0.00028296800000973676,0.2926725784688996,6.672268767150957,6.489415497939387
boltzmann,1,67,0.14980802694218984,0.15328898967184448,0.0029705896106623423,6.503162739587842e-05,0.29297949589463923,6.67516517803625,6.523583191183911
boltzmann,1,68,0.14954375846169007,0.1531032077814075,0.002833350950332227,0.00026426848049976304,0.294226713671389,6.686961216739515,6.5314991304989904
boltzmann,1,69,0.14954375846169007,0.15279794591399581,0.00257591611422551,0.0,0.294226713671389,6.686961216739515,6.544547765158397
boltzmann,1,70,0.14939818663205393,0.15264180578684539,0.0029223375495489668,0.00014557182963614856,0.2949137413992997,6.69347686920705,6.551242260289866
boltzmann,2,0,0.20932174637615208,0.24643676762857714,0.018972559514604383,0.0,0.0,4.777311674494296,4.057819585134236
boltzmann,2,1,0.20932174637615208,0.24056402089804135,0.018684503707916782,0.0,0.0,4.777311674494296,4.15688031562922
boltzmann,2,2,0.20932174637615208,0.24222282441063286,0.02108485796384465,0.0,0.0,4.777311674494296,4.128413059422008
boltzmann,2,3,0.20932174637615208,0.24499292048581192,0.021988672809136526,0.0,0.0,4.777311674494296,4.081733938609762
boltzmann,2,4,0.20932174637615208,0.23955930856156207,0.02329156136115807,0.0,0.0,4.777311674494296,4.174314209246481
boltzmann,2,5,0.20932174637615208,0.23633211801704726,0.022618751914583502,0.0,0.0,4.777311674494296,4.2313155616550855
boltzmann,2,6,0.2054970593600552,0.2305943738995392,0.019609055502411144,0.003824687016096895,0.01827180922341398,4.866226002883511,4.336600440369885
boltzmann,2,7,0.19330174971370334,0.22528453279488433,0.022433827679070685,0.012195309646351848,0.07653288270231007,5.173232152574545,4.438811438950542
boltzmann,2,8,0.19330174971370334,0.2218798188300841,0.0219921234090101,0.0,0.07653288270231007,5.173232152574545,4.506924056224067
boltzmann,2,9,0.19300889583983127,0.21908421100210282,0.02071404558594565,0.0002928538738720676,0.07793194361663003,5.181081496618428,4.564434063924113
boltzmann,2,10,0.19300889583983127,0.21508214203098813,0.016593350779296467,0.0,0.07793194361663003,5.181081496618428,4.649364848203328
boltzmann,2,11,0.19228994483877698,0.20832179405448759,0.014704745329521277,0.000718951001054291,0.08136661303584236,5.200452891000316,4.800242837269389
boltzmann,2,12,0.1922342167279694,0.2084692884884875,0.01569569125515209,5.5728110807590214e-05,0.08163284486207334,5.20196047852716,4.796846626205075
boltzmann,2,13,0.1922342167279694,0.20179235518324062,0.009854419277840323,0.0,0.08163284486207334,5.20196047852716,4.955564563025077
boltzmann,2,14,0.19147209551602554,0.20218638346816642,0.008718014834322453,0.0007621212119438558,0.0852737528190246,5.222665864908963,4.945907023706283
boltzmann,2,15,0.187693529185842,0.20017643952947847,0.008481694694047649,0.0037785663301835304,0.10332522809858502,5.327805793475578,4.995567943872807
boltzmann,2,16,0.18732096591123848,0.19887186446946242,0.01112165431375904,0.0003725632746035268,0.10510508748277925,5.3384022270716756,5.02833809261873
boltzmann,2,17,0.18108338474733193,0.19959984611753187,0.012360844633176308,0.006237581163906547,0.13490409915688217,5.522287310390157,5.009998802365625
boltzmann,2,18,0.18108338474733193,0.19628731810346256,0.011597683366350392,0.0,0.13490409915688217,5.522287310390157,5.094546683480701
boltzmann,2,19,0.17576139749971423,0.19426389650929454,0.009794225313855542,0.005321987247617704,0.16032901242917097,5.689499086410823,5.14761039162912
boltzmann,2,20,0.17576139749971423,0.19169091809212252,0.009396658919418379,0.0,0.16032901242917097,5.689499086410823,5.21670402149883
boltzmann,2,21,0.17566970437469454,0.18960748840136374,0.010248592091290162,9.169312501969284e-05,0.1607670611584937,5.6924687787843276,5.274025484994097
boltzmann,2,22,0.17545429753988276,0.18864061166126347,0.010227817252040236,0.00021540683481177658,0.1617961316613964,5.699457434579255,5.301057339330104
boltzmann,2,23,0.17545429753988276,0.18976986481246225,0.011137413335707294,0.0,0.1617961316613964,5.699457434579255,5.269512793695874
boltzmann,2,24,0.17445819212676225,0.19108019022328682,0.011925020159190055,0.0009961054131205072,0.16655486041445433,5.73199948830096,5.233377491690605
boltzmann,2,25,0.17445819212676225,0.1930784731166944,0.011283711376203516,0.0,0.16655486041445433,5.73199948830096,5.179214464686335
boltzmann,2,26,0.17445819212676225,0.18963536558612362,0.01190070061386316,0.0,0.16655486041445433,5.73199948830096,5.27325018547589
boltzmann,2,27,0.16912391244922204,0.18851559197006332,0.013451532611512645,0.005334279677540216,0.19203849873626777,5.9127894614593774,5.3045728736640925
boltzmann,2,28,0.1689561644214778,0.1833016806462771,0.011903493158004017,0.00016774802774424669,0.19283988717606615,5.918659936227482,5.455457587822844
boltzmann,2,29,0.16822455757343752,0.1835495412495469,0.011949720345944194,0.0007316068480402727,0.19633501780967733,5.9443999736095865,5.448090717642972
boltzmann,2,30,0.1674278198571529,0.18241858298631364,0.011222960276078789,0.0007967377162846068,0.20014130038699185,5.972687383529197,5.481867591348604
boltzmann,2,31,0.167241359526128,0.17780171672045553,0.009311422843236269,0.00018646033102490134,0.201032083758777,5.979346397847081,5.6242110269452015
boltzmann,2,32,0.167241359526128,0.17703987370762544,0.00934155587842715,0.0,0.201032083758777,5.979346397847081,5.648413154870961
boltzmann,2,33,0.167241359526128,0.17470051640680934,0.008441263743398725,0.0,0.201032083758777,5.979346397847081,5.724048769395931
boltzmann,2,34,0.1651711297657893,0.17315530794086303,0.00824396519519155,0.0020702297603387154,0.2109222638102013,6.054290160319296,5.775128910357245
boltzmann,2,35,0.1651711297657893,0.1725447037913226,0.008138245314539353,0.0,0.2109222638102013,6.054290160319296,5.79556591689703
boltzmann,2,36,0.16510744747231923,0.1718747211688031,0.007932095722840536,6.368229347006316e-05,0.21122649542766359,6.056625298760998,5.818157405826255
boltzmann,2,37,0.1647963412892762,0.17199977735633837,0.007834112971754242,0.0003111061830430306,0.2127127537282416,6.068059060762727,5.813927212249016
boltzmann,2,38,0.1629208834316531,0.1691971392956827,0.005545223274611234,0.0018754578576231085,0.2216724432497159,6.1379108744437465,5.910230479854433
boltzmann,2,39,0.1629208834316531,0.16887859469470354,0.004761641902597054,0.0,0.2216724432497159,6.1379108744437465,5.9213784934039895
boltzmann,2,40,0.1629208834316531,0.16891565758117413,0.005847605871389384,0.0,0.2216724432497159,6.1379108744437465,5.920079252808105
boltzmann,2,41,0.1629208834316531,0.16888816265248702,0.005924564528856191,0.0,0.2216724432497159,6.1379108744437465,5.921043033753677
boltzmann,2,42,0.1629208834316531,0.1683082569346767,0.005971430889157488,0.0,0.2216724432497159,6.1379108744437465,5.941443852895832
boltzmann,2,43,0.1622537281105153,0.16859350628463995,0.007708690824258208,0.0006671553211377856,0.2248596673804515,6.163148597548897,5.931391372336232
boltzmann,2,44,0.1622537281105153,0.16789557616383635,0.0070392330771556185,0.0,0.2248596673804515,6.163148597548897,5.956047602925404
boltzmann,2,45,0.16190911392572743,0.1670960012715477,0.0067300339595577595,0.00034461418478787254,0.22650600461370096,6.176266421866192,5.984547851788853
boltzmann,2,46,0.1610273775418298,0.1654445856497907,0.003113229849972118,0.00088173638389763,0.23071835425802867,6.210085546817568,6.044283358014545
boltzmann,2,47,0.1603259603715056,0.16418770913486744,0.002318643207737022,0.0007014171703242089,0.23406925870282413,6.237254156648546,6.0905527869068194
boltzmann,2,48,0.16005977701429697,0.16373082164031247,0.002620889447101184,0.00026618335720862696,0.23534090563782684,6.247626799354334,6.107548245550025
boltzmann,2,49,0.16005977701429697,0.16331875418000572,0.002560729248040045,0.0,0.23534090563782684,6.247626799354334,6.122958028076828
boltzmann,2,50,0.15977304139336893,0.16271443536444777,0.002434915390457637,0.0002867356209280414,0.23671073761129402,6.258838990859393,6.1456984566965875
boltzmann,2,51,0.15977304139336893,0.16260080269702423,0.0027528286848310228,0.0,0.23671073761129402,6.258838990859393,6.149993317499062
boltzmann,2,52,0.15939292944746936,0.1626553064776218,0.003074687169727836,0.0003801119458995694,0.23852665952327967,6.273764650049392,6.147932543504421
boltzmann,2,53,0.15867716693292108,0.1631435720921281,0.0036350166481961717,0.0007157625145482738,0.2419460964759126,6.302064230567622,6.129532764567232
boltzmann,2,54,0.15867716693292108,0.16316448499913086,0.003269729204289877,0.0,0.2419460964759126,6.302064230567622,6.128747142849033
boltzmann,2,55,0.15867716693292108,0.1632419164346278,0.003390825427504844,0.0,0.2419460964759126,6.302064230567622,6.125840078337854
boltzmann,2,56,0.15792771932076127,0.16185642020350421,0.0031405211588706747,0.0007494476121598093,0.2455264584074104,6.331970551657226,6.178277145049603
boltzmann,2,57,0.15792771932076127,0.16200753220253308,0.0032037647416452916,0.0,0.2455264584074104,6.331970551657226,6.172514412696867
boltzmann,2,58,0.15762945912777718,0.16055331739129164,0.0022984041817530917,0.00029826019298409556,0.24695134711652766,6.3439515784788,6.228421734451841
boltzmann,2,59,0.15727366818182464,0.16024280869258084,0.0022157272027910563,0.00035579094595253324,0.24865107947645737,6.358303034814887,6.24049071323839
boltzmann,2,60,0.15727366818182464,0.15982194669413505,0.002175519532174466,0.0,0.24865107947645737,6.358303034814887,6.256923806528068
boltzmann,2,61,0.15721164936055126,0.1594648447038855,0.0016779447543595896,6.201882127337965e-05,0.2489473641308092,6.360811321909609,6.2709353332490405
boltzmann,2,62,0.15597253625986512,0.15939611209266094,0.001964265124780191,0.00123911310068614,0.2548670218927861,6.411344026552782,6.273639383244777
boltzmann,2,63,0.15576889389453152,0.1583417209446446,0.0017623593901312856,0.00020364236533360058,0.2558398895898081,6.419725757000763,6.315415031611035
boltzmann,2,64,0.1554649991233654,0.1581089559329454,0.0021082568366535864,0.00030389477116612995,0.25729169656365225,6.432274617207328,6.32471240725727
boltzmann,2,65,0.1546990193570018,0.15750553178948212,0.0017996780411863814,0.0007659797663635837,0.2609510381257425,6.4641233023526405,6.3489430478766815
boltzmann,2,66,0.15440069182908178,0.15681757779033814,0.0019087625922860228,0.00029832752792002815,0.2623762485163722,6.4766129707113,6.376795492540245
boltzmann,2,67,0.15394794752767302,0.15674090036993898,0.001987839084333286,0.000452744301408764,0.26453915948595286,6.495659866854533,6.379914991714537
boltzmann,2,68,0.15394794752767302,0.15644010436341763,0.0015431854749872,0.0,0.26453915948595286,6.495659866854533,6.392181927308365
boltzmann,2,69,0.15394794752767302,0.15616117413755767,0.0016115111856854281,0.0,0.26453915948595286,6.495659866854533,6.403599370479664
boltzmann,2,70,0.15394794752767302,0.15589016213319198,0.0014220650996491372,0.0,0.26453915948595286,6.495659866854533,6.414731831594207
boltzmann,2,71,0.1535620215024466,0.1554018615004395,0.0012742314746646962,0.00038592602522641295,0.2663828571996768,6.511984397129538,6.434887944435771
boltzmann,2,72,0.15350605366591594,0.15491479731418636,0.0012770281361042122,5.596783653066817e-05,0.26665023427587453,6.514358631208853,6.4551196026309015
boltzmann,2,73,0.15343319310334433,0.15474864872090652,0.000967064851975742,7.286056257160833e-05,0.2669983135549413,6.517452073583483,6.462050209907203
boltzmann,3,0,0.2196650046617951,0.25504471013260116,0.01748648654737086,0.0,0.0,4.552365767928599,3.920865790999146
boltzmann,3,1,0.21928444215797135,0.25022454850845305,0.01941228963821563,0.0003805625038237337,0.0017324676017905771,4.560266245488419,3.9963944767463198
boltzmann,3,2,0.21928444215797135,0.24883105051525298,0.021941584390625837,0.0,0.0017324676017905771,4.560266245488419,4.0187749043152365
boltzmann,3,3,0.21820327651481117,0.24459132765991004,0.023662349423513456,0.0010811656431601868,0.006654351471389153,4.582861600937149,4.088435682211733
boltzmann,3,4,0.21794581914668212,0.23340907672554373,0.022302523191998352,0.00025745736812904374,0.00782639691634035,4.588275267862396,4.284305176660622
boltzmann,3,5,0.21751755684223598,0.231056446252333,0.021407100486062185,0.00042826230444614755,0.009776012446158222,4.597308912477247,4.3279280378954805
boltzmann,3,6,0.21741673691559743,0.23377046893661502,0.023414196751511338,0.00010081992663854566,0.01023498371831777,4.599440754864469,4.277681979536779
boltzmann,3,7,0.20732760060973265,0.22785460609399477,0.019295779818825676,0.010089136305864776,0.056164631553658695,4.82326122425512,4.388744333055738
boltzmann,3,8,0.20732760060973265,0.22697602979046225,0.014143331978274587,0.0,0.056164631553658695,4.82326122425512,4.405732161193435
boltzmann,3,9,0.20591297616725848,0.2283586209502328,0.015164346087812941,0.0014146244424741716,0.0626045487569118,4.856396921730687,4.3790578905275614
boltzmann,3,10,0.20561503374777698,0.22257434215575359,0.01662379448527453,0.0002979424194815006,0.06396089780277014,4.863433953923408,4.492860666031104
boltzmann,3,11,0.20495006325256204,0.22120684187556544,0.015673575900282642,0.0006649704952149393,0.06698810050280313,4.879213526048878,4.520635396653448
boltzmann,3,12,0.19667687322514882,0.22229960165229426,0.017966069607687995,0.008273190027413224,0.10465085902981996,5.084456037691849,4.498413376155068
boltzmann,3,13,0.19667687322514882,0.21246341469692992,0.01462270963116161,0.0,0.10465085902981996,5.084456037691849,4.706670533164111
boltzmann,3,14,0.19428327627256584,0.20805895330482313,0.011626194766350722,0.0023935969525829826,0.11554743746418761,5.147096919964214,4.806306951991508
boltzmann,3,15,0.19428327627256584,0.20999083338217558,0.014517162580762384,0.0,0.11554743746418761,5.147096919964214,4.762089953184253
boltzmann,3,16,0.1920895988542623,0.2081263511964136,0.012775889280473346,0.0021936774183035357,0.1255339049112032,5.2058768412643275,4.80475052534677
boltzmann,3,17,0.19164230385770542,0.20245732207310055,0.008566091609242111,0.00044729499655687954,0.1275701646114934,5.218027344918333,4.939288194035982
boltzmann,3,18,0.19154094983761533,0.2013023405919457,0.008664832434966865,0.0001013540200900942,0.1280315672834672,5.220788453118369,4.967627447509983
boltzmann,3,19,0.19124535581242227,0.20218323833349944,0.008840746749788441,0.0002955940251930522,0.12937722553088882,5.228857803600803,4.945983961175634
boltzmann,3,20,0.19124535581242227,0.20268199468762205,0.009793806950086853,0.0,0.12937722553088882,5.228857803600803,4.933813029263823
boltzmann,3,21,0.19124535581242227,0.20236818925043332,0.009736438406411852,0.0,0.12937722553088882,5.228857803600803,4.9414636867596125
boltzmann,3,22,0.1912269440892673,0.20240649700508123,0.008998121020608636,1.84117231549763e-05,0.12946104281067505,5.229361246142923,4.9405284626136945
boltzmann,3,23,0.18977448312965803,0.19788252360789357,0.0070645610725990895,0.0014524609596092697,0.13607320646344045,5.269384556469721,5.053477832654229
boltzmann,3,24,0.18977448312965803,0.19747526422327025,0.007747904019119366,0.0,0.13607320646344045,5.269384556469721,5.06389972452275
boltzmann,3,25,0.18954836287377194,0.19672604805567143,0.0070457900149155,0.00022612025588608642,0.13710259326191676,5.275670594925384,5.083185102828422
boltzmann,3,26,0.18954836287377194,0.1954659357125301,0.004879993218660503,0.0,0.13710259326191676,5.275670594925384,5.115954759073335
boltzmann,3,27,0.18939879466089216,0.195324809148115,0.005095151071375614,0.00014956821287978594,0.13778348557387188,5.279836769572185,5.119651132440479
boltzmann,3,28,0.1892652653554341,0.19358179430133785,0.004269796366541185,0.00013352930545806885,0.1383913625803329,5.283561748957439,5.165748348705849
boltzmann,3,29,0.18820564573477042,0.1925872027210996,0.00393412150116251,0.001059619620663671,0.14321516062816075,5.313308656535151,5.192426046200606
boltzmann,3,30,0.18750939438769415,0.19247702439623018,0.004578115863296249,0.0006962513470762655,0.1463847658556673,5.333037687139693,5.195398296178614
boltzmann,3,31,0.18750939438769415,0.19200123609023476,0.0043653289029335724,0.0,0.1463847658556673,5.333037687139693,5.208272676210045
boltzmann,3,32,0.18746577041612417,0.1917038043955785,0.004377016004093648,4.3623971569983766e-05,0.1465833590345723,5.33427869792752,5.216353357198721
boltzmann,3,33,0.18726403900889235,0.19229923457410172,0.004794643565984143,0.00020173140723181437,0.14750171836787818,5.340025053755574,5.200201664936899
boltzmann,3,34,0.18666158143548228,0.19026568880797587,0.00349075732143499,0.0006024575734100701,0.15024433808710758,5.357260101675162,5.255780747880869
boltzmann,3,35,0.1864010868469648,0.1889306367539395,0.0027040165086531947,0.00026049458851748475,0.15143021013312852,5.36474680576401,5.292919794594161
boltzmann,3,36,0.1864010868469648,0.18905059765841348,0.0034066949062413823,0.0,0.15143021013312852,5.36474680576401,5.289561222364504
boltzmann,3,37,0.1861112979330346,0.18821306663501558,0.0014837226724701046,0.00028978891393019457,0.1527494412704522,5.37310006434831,5.31309916351363
boltzmann,3,38,0.1861112979330346,0.18788562236629328,0.0011872997429032755,0.0,0.1527494412704522,5.37310006434831,5.322358704444938
boltzmann,3,39,0.18603676063183547,0.18758348876965356,0.001124991154143881,7.45373011991346e-05,0.1530887638735856,5.3752528336383145,5.330931179645461
boltzmann,3,40,0.1854691665284291,0.18731162117951164,0.0012006110523302487,0.0005675941034063714,0.155672671602904,5.391702712720209,5.338668551552898
boltzmann,3,41,0.1850888429753513,0.18700929835629473,0.0013993765988662595,0.00038032355307779375,0.1574040514085464,5.402781610945402,5.347299099511544
boltzmann,3,42,0.1843060049107327,0.18665095349290456,0.0015592954535338579,0.0007828380646185962,0.1609678328393842,5.42572975174948,5.35756514350124
boltzmann,3,43,0.1843060049107327,0.18615723166885798,0.0011570583780683426,0.0,0.1609678328393842,5.42572975174948,5.371774275224209
boltzmann,3,44,0.1842347232440599,0.1861136992951655,0.0011908069676156293,7.128166667280667e-05,0.16129233453587677,5.4278289920749225,5.373030737427498
boltzmann,3,45,0.18415406675394488,0.18580426785904008,0.0010265844072506356,8.065649011501641e-05,0.1616595140519731,5.430206280102682,5.3819787324794435
boltzmann,3,46,0.18415406675394488,0.18589517376988432,0.0011067515386101294,0.0,0.1616595140519731,5.430206280102682,5.3793468672349976
boltzmann,3,47,0.1835246930517329,0.18554824150750934,0.0012288244173665455,0.0006293737022119716,0.16452466639237884,5.448828354066568,5.389404946500571
boltzmann,3,48,0.1835246930517329,0.18548685672963575,0.0010690922942608997,0.0,0.16452466639237884,5.448828354066568,5.391188499512314
boltzmann,3,49,0.1833650399487693,0.18530676584844752,0.001180513454112292,0.00015965310296361945,0.16525146902172538,5.453572538728493,5.396427912351186
boltzmann,3,50,0.18303814445828562,0.18488070502543488,0.0012105745856855726,0.00032689549048367517,0.16673962363691763,5.463312249188855,5.408864007730923
boltzmann,3,51,0.18303814445828562,0.18478670623997331,0.0012629729851921236,0.0,0.16673962363691763,5.463312249188855,5.411615417214805
boltzmann,3,52,0.182809243642346,0.18441491115557088,0.0011887317210641192,0.00022890081593962552,0.167781668619422,5.470152985280311,5.422525603858622
boltzmann,3,53,0.182809243642346,0.18426102751707565,0.0011673069882232546,0.0,0.167781668619422,5.470152985280311,5.42705414390021
boltzmann,3,54,0.18250483908282636,0.18401313429186608,0.0012576708021544828,0.0003044045595196332,0.16916743582429972,5.479276745475368,5.434365158134501
boltzmann,3,55,0.1823267367581131,0.18390648711128718,0.0012820821826501907,0.0001781023247132696,0.16997822644152838,5.484629040981625,5.437516523701257
boltzmann,3,56,0.1823267367581131,0.18334346246399355,0.0008347810938935969,0.0,0.16997822644152838,5.484629040981625,5.454214360013119
boltzmann,4,0,0.2212999149002961,0.24691947520570853,0.0144662119565313,0.0,0.0,4.51873414283233,4.049886908596396
boltzmann,4,1,0.2179546815457276,0.24009779978412074,0.01359056423102875,0.0033452333545684887,0.015116288481519025,4.588088701831788,4.164952098465826
boltzmann,4,2,0.2179546815457276,0.23865386876594297,0.013890554810209182,0.0,0.015116288481519025,4.588088701831788,4.190151263918836
boltzmann,4,3,0.19550440948229453,0.2350161496916109,0.016134665676384906,0.022450272063433085,0.11656355778366845,5.1149479835265765,4.255008629422144
boltzmann,4,4,0.19550440948229453,0.23207874948998639,0.016386491960247603,0.0,0.11656355778366845,5.1149479835265765,4.308863665173627
boltzmann,4,5,0.1940029271919166,0.23369365893464414,0.020759124676986172,0.0015014822903779146,0.12334838773289991,5.1545348306828815,4.279087954165283
boltzmann,4,6,0.1940029271919166,0.22755462226142148,0.021270440486373967,0.0,0.12334838773289991,5.1545348306828815,4.3945299617830385
boltzmann,4,7,0.19194670956766813,0.2191926634767348,0.020180852873996326,0.0020562176242484853,0.13263993050269673,5.209752188511871,4.562175676698518
boltzmann,4,8,0.19171694441598738,0.215818616213618,0.0200674774996435,0.00022976515168074418,0.13367818283001576,5.215995837250433,4.63349911163868
boltzmann,4,9,0.19018615687856177,0.2149694858499317,0.022156766009477094,0.0015307875374256097,0.14059543599803115,5.257978595465937,4.651801367272752
boltzmann,4,10,0.19018615687856177,0.21192930639771296,0.018815300234252708,0.0,0.14059543599803115,5.257978595465937,4.718532318465951
boltzmann,4,11,0.19018615687856177,0.2068168941567337,0.020534518772653707,0.0,0.14059543599803115,5.257978595465937,4.835171560359113
boltzmann,4,12,0.18394770578495134,0.19979555294118093,0.013328387688406322,0.006238451093610431,0.1687854653363664,5.4362981013254235,5.005091355577065
boltzmann,4,13,0.1821470844828348,0.19817959456923184,0.009243548128231301,0.0018006213021165562,0.17692203105952897,5.490038519149169,5.045902714004942
boltzmann,4,14,0.18177516516018818,0.19732936822740146,0.009748554360647258,0.0003719193226466022,0.17860264319539076,5.501271297690549,5.067643713346799
boltzmann,4,15,0.18177516516018818,0.19626832767323235,0.009385551581082131,0.0,0.17860264319539076,5.501271297690549,5.0950396165054075
boltzmann,4,16,0.18046430984378048,0.19505889309344085,0.00845537989708906,0.0013108553164077053,0.18452607663637643,5.541231169944232,5.126630514049156
boltzmann,4,17,0.180346855077284,0.19205697889954398,0.008481244154318645,0.00011745476649646647,0.1850568258982972,5.544839995859515,5.206761029819284
boltzmann,4,18,0.17998074379174442,0.1900014412345929,0.008248018380097857,0.00036611128553959427,0.18671119293998606,5.556119075927461,5.263090271378758
boltzmann,4,19,0.17998074379174442,0.1895108383227414,0.008843134718771817,0.0,0.18671119293998606,5.556119075927461,5.2767152113050875
boltzmann,4,20,0.17933474038880395,0.18842296694849997,0.00818791428888394,0.0006460034029404649,0.18963032376401512,5.576133334225388,5.307180483432449
boltzmann,4,21,0.17933474038880395,0.18674519424981204,0.007859535009577336,0.0,0.18963032376401512,5.576133334225388,5.354861468621369
boltzmann,4,22,0.17933474038880395,0.18359845487292079,0.004450464758214079,0.0,0.18963032376401512,5.576133334225388,5.44663926530803
boltzmann,4,23,0.17928028193359313,0.18204872309362968,0.003053914060714245,5.445845521082071e-05,0.18987640815693207,5.577827139647551,5.493004784663648
boltzmann,4,24,0.17823196510694603,0.1812680330027808,0.002344294159203717,0.0010483168266471055,0.19461349459964228,5.61063437058327,5.516662076443356
boltzmann,4,25,0.17823196510694603,0.18060624004989526,0.0014807420977518805,0.0,0.19461349459964228,5.61063437058327,5.536876593229242
boltzmann,4,26,0.17788488668385274,0.1799951747366319,0.001286574726781006,0.0003470784230932833,0.19618185680732614,5.6215814455097695,5.555673621748835
boltzmann,4,27,0.17302063529611952,0.1795247840736235,0.002446509695190778,0.0048642513877332205,0.2181622149557907,5.7796240238311265,5.570230511233418
boltzmann,4,28,0.17302063529611952,0.17940163024510855,0.0020188920151575384,0.0,0.2181622149557907,5.7796240238311265,5.574054285791416
boltzmann,4,29,0.17302063529611952,0.17883886485654873,0.001760585279956316,0.0,0.2181622149557907,5.7796240238311265,5.591594473648933
boltzmann,4,30,0.17302063529611952,0.17848719798788287,0.001912127506423888,0.0,0.2181622149557907,5.7796240238311265,5.6026113282172725
boltzmann,4,31,0.17263708168801162,0.1776861163476617,0.002201471191311974,0.00038355360810790606,0.21989539957215487,5.792464734444754,5.627870047952182
boltzmann,4,32,0.17263708168801162,0.17768520049931041,0.0022427256039526363,0.0,0.21989539957215487,5.792464734444754,5.627899055694429
boltzmann,4,33,0.17263708168801162,0.1777808421169799,0.0023575012226508436,0.0,0.21989539957215487,5.792464734444754,5.624871404707367
boltzmann,4,34,0.17263708168801162,0.17733721332791177,0.002620659029698408,0.0,0.21989539957215487,5.792464734444754,5.638942567617529
boltzmann,4,35,0.1723360969681913,0.17685161063032268,0.0030046389631949084,0.0003009847198203186,0.22125547564789994,5.802581206207579,5.65442600160601
boltzmann,4,36,0.17205174189086964,0.17591937594799947,0.0031398272270328842,0.000284355077321663,0.2225404064507418,5.812171250570853,5.684389853143511
universal,0,0,0.21020946661694542,0.23587651153719807,0.014058992927628756,0.0,0.0,4.757137054560861,4.239488510299546
universal,0,1,0.2026033374239709,0.22568782169403054,0.01024053168687017,0.0076061291929745145,0.03618357115588322,4.935728487921731,4.430879617758445
universal,0,2,0.1986672809209492,0.21839613329288945,0.010324927843258225,0.003936056503021701,0.05490802047002474,5.033516147441289,4.5788146800393825
universal,0,3,0.1986293636096635,0.21121558651901434,0.008945406430820911,3.791731128571785e-05,0.05508839917463759,5.0344770146277344,4.734476664359771
universal,0,4,0.17924269661070236,0.2037197427397879,0.007452014182284828,0.019386666998961133,0.14731386984903172,5.578996745262905,4.908680316747608
universal,0,5,0.1791762197526974,0.1975458340983996,0.007659866341354354,6.647685800495462e-05,0.14763011087791977,5.581066618737651,5.06209074199535
universal,0,6,0.1785620211936776,0.19027254219215228,0.010451392892280377,0.0006141985590198129,0.15055195150148704,5.600263667780097,5.255591442083556
universal,0,7,0.17786999739878173,0.18363233014368224,0.007940600201674997,0.0006920237948958574,0.1538440191996412,5.622052018733714,5.445634510998406
universal,0,8,0.17723888347743247,0.17887507329455243,0.0008212200238508494,0.0006311139213492634,0.1568463289029397,5.642070962698007,5.5904626123658
universal,1,0,0.20869781277695726,0.2258660459700976,0.016099399018832294,0.0,0.0,4.791594100100274,4.427383356013738
universal,1,1,0.2012836576430304,0.21557877421808644,0.008454744552859174,0.0074141551339268474,0.03552579222212848,4.968088535458358,4.638654083515147
universal,1,2,0.19802003168555043,0.21113351339942518,0.005828654393550071,0.0032636259574799764,0.0511638380360917,5.049968639633998,4.73631707056911
universal,1,3,0.19746036672261466,0.20808182117345325,0.004818373728526059,0.0005596649629357742,0.05384553822014637,5.064281771151506,4.805778748868567
universal,1,4,0.19559097276870674,0.2036369182075585,0.006225781940161091,0.0018693939539079218,0.0628029581807753,5.112684257152667,4.9106767973376515
universal,1,5,0.1895862977507442,0.20092256785424806,0.004947702234173593,0.006004675017962535,0.09157506143410432,5.27461497612951,4.97701693574051
universal,1,6,0.18955436398726128,0.19764449989330324,0.004346685478739799,3.1933763482927535e-05,0.09172807579998576,5.275503573020509,5.059563716552307
universal,1,7,0.18921624954185967,0.1949735699051083,0.0033858051867837243,0.00033811444540160496,0.09334819074466405,5.284930430080977,5.128873988472894
universal,1,8,0.18704225064393656,0.19079065318556726,0.0030556100302047747,0.0021739988979231073,0.10376516095146981,5.34635704072339,5.2413194356431445
universal,1,9,0.18665189990570194,0.18901739148904598,0.0008521563567730565,0.00039035073823462385,0.10563557220801623,5.357537978275213,5.290490476202958
universal,2,0,0.19556528882457558,0.2369990176252231,0.01913931804501823,0.0,0.0,5.113355711817017,4.2194089689112895
universal,2,1,0.19356995620164072,0.2197357519394321,0.02100319703395821,0.001995332622934859,0.010202897635503638,5.166064267194667,4.550900070988755
universal,2,2,0.19325822769044512,0.20011559637508627,0.011320056935171553,0.00031172851119559697,0.01179688454938399,5.174397165664761,4.997086788972072
universal,2,3,0.19210793651232033,0.1945732115295987,0.0010580305248170622,0.0011502911781247904,0.01767876259143586,5.20537991701322,5.1394272249068305
universal,2,4,0.190945729923527,0.19333219169976093,0.0008605562045885529,0.0011622065887933186,0.02362156867823495,5.237062715871038,5.172417582351621
universal,3,0,0.21223031536289114,0.23604526390066846,0.013503772648247205,0.0,0.0,4.711839995384824,4.2364576480685745
universal,3,1,0.20817279993757065,0.22561200889361435,0.009687514248347516,0.004057515425320485,0.01911845354600994,4.8036784662617995,4.432368527435138
universal,3,2,0.2078264876696585,0.21808476949636507,0.0064274917390361105,0.0003463122679121522,0.02075022922951686,4.811683051230926,4.585351911357368
universal,3,3,0.2051217546066929,0.21299882423270608,0.0045495396804089115,0.002704733062965592,0.03349455870167917,4.875129538492319,4.694839554926028
universal,3,4,0.20494423247545251,0.20957451718934533,0.0032660509254630724,0.00017752213124039296,0.03433101852098841,4.879352341703171,4.771549718264702
universal,3,5,0.20416604395750387,0.20725835988468894,0.002205303028017411,0.0007781885179486414,0.037997735580792114,4.89795013248144,4.824872568150172
universal,3,6,0.20203676480116248,0.205502748313032,0.0014120068857555784,0.002129279156341396,0.04803060554425875,4.94956970536751,4.866091291321644
universal,3,7,0.20169229576962067,0.20428719596685369,0.0012413643615116897,0.00034446903154181086,0.04965369615199211,4.958023003115711,4.895045429654941
universal,3,8,0.19957132928372937,0.20290208867760517,0.0014817752491862394,0.0021209664858913013,0.05964739795780949,5.010714679680434,4.928461200454717
universal,3,9,0.1984633677156126,0.20158632351761457,0.001513713378765889,0.0011079615681167665,0.06486796018626528,5.038687858734114,4.960629381602066
universal,3,10,0.19642939257319694,0.20007645280253256,0.001440827088731018,0.002033975142415656,0.07445177076929987,5.0908618920942414,4.998064429513479
universal,3,11,0.19612430807564118,0.19865543157199078,0.0014198217181334628,0.0003050844975557576,0.07588928688020091,5.098781028373565,5.033816383828538
universal,3,12,0.19542356727067517,0.19707061580491075,0.0010080458265444817,0.0007007408049660158,0.07919108098896344,5.1170639084232326,5.074297462451116
universal,3,13,0.19350485557577246,0.19613018214091837,0.0008906026578063278,0.0019187116949027083,0.08823178609097448,5.167802271536031,5.098628321535887
universal,4,0,0.21570029256505802,0.23755904501159922,0.015723524754396805,0.0,0.0,4.636040832710302,4.2094620749510865
universal,4,1,0.21417326578391108,0.22634933197413096,0.01097833207114619,0.0015270267811469396,0.007079391330386708,4.669095030347576,4.417930343986805
universal,4,2,0.213970353989797,0.21917290770940046,0.006101417467531637,0.0002029117941140801,0.008020103054516059,4.6735227933720696,4.562586899376205
universal,4,3,0.21310745578013326,0.21680837561409547,0.0032977553445089924,0.0008628982096637317,0.012020552935238737,4.692446371211628,4.6123466624428895
universal,4,4,0.2126837207226354,0.21484090663122543,0.00119407138058008,0.000423735057497876,0.013985015071376394,4.701795204668753,4.654585391091752
universal,4,5,0.21136816079932177,0.2139588319845491,0.0011200666173685877,0.001315559923313614,0.020084032869031043,4.73105913946179,4.673774468434869
universal,4,6,0.21136816079932177,0.21308554951545605,0.0011507374143559415,0.0,0.020084032869031043,4.73105913946179,4.692928776001724
universal,4,7,0.2111188001424404,0.21213381713278334,0.0007886150037865861,0.00024936065688138664,0.021240084415906857,4.736647151642385,4.713983369236656
