crossover_method,run,generation,best_fitness,avg_fitness,diversity,fitness_delta,normalized_fitness,inv_best_fitness,inv_avg_fitness
one_point,0,0,0.18526219236850738,0.19801927312612533,0.009058487830077639,0.0,0.0,5.397726268318307,5.049987984629577
one_point,0,1,0.17910118138790132,0.1879461672385534,0.003965627947994438,0.006161010980606063,0.0332556303142042,5.583404915846278,5.3206441719376505
one_point,0,2,0.1672979860305786,0.18164476619561515,0.005294239765021958,0.011803195357322716,0.09696639183776878,5.977322539284379,5.505220523131244
one_point,0,3,0.16248424112796783,0.17492460823059075,0.00775345112912335,0.004813744902610773,0.12294980939894973,6.154405120477583,5.716715866334323
one_point,0,4,0.16047898721694948,0.16527106573581696,0.0034211665046683442,0.0020052539110183565,0.1337736795333897,6.231306578110087,6.050629279351258
one_point,0,5,0.15401618492603303,0.16159117928743363,0.002909969727449632,0.006462802290916447,0.16865830552367922,6.492781961183431,6.188418303470247
one_point,0,6,0.1530267263650894,0.15995227885246274,0.0037475661362001826,0.0009894585609436235,0.17399916081797195,6.5347634951735944,6.251825577907517
one_point,0,7,0.1519459878206253,0.15581627091566722,0.00297170334707925,0.0010807385444641104,0.1798327231365826,6.581242671164422,6.417773807251629
one_point,0,8,0.14751135456562042,0.15216239992777508,0.0017488261708664826,0.004434633255004872,0.20376978875320817,6.779093201682663,6.571882597751191
one_point,0,9,0.14740666544437409,0.15066983991066618,0.001826362446167265,0.00010468912124633745,0.20433487502314762,6.783907722745674,6.63698430693628
one_point,0,10,0.1441046334505081,0.14892180287043255,0.0021060444258848986,0.0033020319938659726,0.22215843606196917,6.939353972885742,6.714888389993781
one_point,0,11,0.14164630323648453,0.14671304488976797,0.001753181273607263,0.002458330214023585,0.23542790125934565,7.059788482739196,6.815980029392137
one_point,0,12,0.13501201820373535,0.14399272854129475,0.0033598749309410696,0.006634285032749182,0.2712381491460426,7.406693171550279,6.944746900648652
one_point,0,13,0.13501201820373535,0.1401923876285553,0.0023197958124643336,0.0,0.2712381491460426,7.406693171550279,7.133004037604945
one_point,0,14,0.13295552390813828,0.13837277514537175,0.0028562674101322173,0.0020564942955970666,0.2823386023432415,7.521255599995345,7.226802903580733
one_point,0,15,0.1296832056045532,0.13486559121608732,0.001922460375175408,0.00327231830358507,0.30000177614977863,7.7110392536875745,7.414734746263215
one_point,0,16,0.1292861025929451,0.1323392697294553,0.0018090769715622228,0.0003971030116081131,0.302145241076601,7.7347235721451435,7.556278992360459
one_point,0,17,0.1272433352470398,0.12995917214155198,0.002258888149984388,0.0020427673459053053,0.31317159955692175,7.858896021253441,7.694665092554701
one_point,0,18,0.123864965736866,0.12724989319046337,0.0018512851070625295,0.0033783695101737843,0.3314072118369158,8.07324267042284,7.858491008807658
one_point,0,19,0.12157838010787964,0.1254612111091614,0.0021736120846915356,0.0022865856289863706,0.34374964177231293,8.225078949347179,7.970527469262646
one_point,0,20,0.11334310394525528,0.1228595500290394,0.002551264877995047,0.008235276162624358,0.3882016481819287,8.822690948997186,8.139309157932626
one_point,0,21,0.11292851060628892,0.11998797810276349,0.004077860008850907,0.00041459333896635975,0.3904395216177655,8.855081321359336,8.334098813172314
one_point,0,22,0.11005187326669694,0.11390475266774494,0.0018697439524121518,0.002876637339591981,0.40596690636267896,9.086541498799829,8.779187851178417
one_point,0,23,0.1043901128768921,0.11247110866308213,0.0026801319932250986,0.005661760389804843,0.4365277041024733,9.579359510989168,8.891093195341151
one_point,0,24,0.10041516095399856,0.10920702964266141,0.0036585842446684763,0.00397495192289353,0.4579835223246118,9.958556376777915,9.156835841394546
one_point,0,25,0.10041516095399856,0.10630500410000482,0.00400352242732341,0.0,0.4579835223246118,9.958556376777915,9.406806402574158
one_point,0,26,0.09858024019002914,0.10230562362670897,0.002681257450977551,0.0018349207639694193,0.4678879757941009,10.143917829318843,9.774538192646718
one_point,0,27,0.09504904794692993,0.10000143121679624,0.001734076109133095,0.00353119224309921,0.48694848780658573,10.520773230523124,9.999756884231047
one_point,0,28,0.09456215524673461,0.0986313599407673,0.002260316868866726,0.00048689270019532105,0.4895766155101964,10.574943247090216,10.138660380837894
one_point,0,29,0.09328189831972122,0.09669762141704559,0.003177448474928161,0.0012802569270133901,0.4964871292563946,10.720078578310929,10.341409064015101
one_point,0,30,0.09252421921491623,0.09494425992767015,0.002876323442156796,0.0007576791048049952,0.5005768957387964,10.807864152985303,10.532384668405834
one_point,0,31,0.09153233987092972,0.09383452951510746,0.001844164760759467,0.000991879343986507,0.5059308178278406,10.924981011400767,10.656944178473472
one_point,0,32,0.0889217598438263,0.09262944842378297,0.0017899171155683622,0.002610580027103418,0.5200220902765152,11.245714840118378,10.795586300360053
one_point,0,33,0.08796605175733566,0.0917025312503179,0.0027750682128604397,0.0009557080864906475,0.5251807687649444,11.367892637331785,10.904705482609574
one_point,0,34,0.08559088641405106,0.08952991523742675,0.002985093680584404,0.0023751653432845937,0.5380013303318729,11.68335039564961,11.169326230476962
one_point,0,35,0.08453726971149444,0.08708964625398319,0.0032278614074870283,0.0010536167025566173,0.5436884955817629,11.828962237016695,11.482289350382032
one_point,0,36,0.08246951824426652,0.08584336019953094,0.001835172491581532,0.0020677514672279296,0.5548497122379652,12.125545240762708,11.648988910578007
one_point,0,37,0.08113636139035225,0.08460732061962287,0.001845067692923384,0.0013331568539142608,0.5620457668504597,12.324778411131648,11.819168524757055
one_point,0,38,0.07918409502506256,0.08266143531004588,0.002117594112840139,0.0019522663652896954,0.5725836231736021,12.628639262016343,12.09739340789142
one_point,0,39,0.07881817153096199,0.08134408522546292,0.001944955334050936,0.0003659234941005701,0.5745587886913064,12.687268599457138,12.293305701608343
one_point,0,40,0.07284472048282624,0.0794963306874037,0.0018479143009491102,0.00597345104813575,0.6068020163664593,13.727642384095237,12.57903870926385
one_point,0,41,0.07275855186581612,0.07792443050344786,0.0024318548742322016,8.616861701012113e-05,0.6072671334845743,13.743899932811706,12.832781205562341
one_point,0,42,0.07015654349327087,0.07516824013590813,0.004053964651195013,0.0026020083725452475,0.6213121382385371,14.253634751278236,13.303313937881658
one_point,0,43,0.06940984931588173,0.07213381203909715,0.0018336053023051185,0.0007466941773891372,0.6253426107696183,14.40696965756897,13.862932081364526
one_point,0,44,0.06858009740710258,0.07208895884752274,0.004204370646465358,0.0008297519087791527,0.6298214086191476,14.581277317041522,13.871557370633225
one_point,0,45,0.06803446650505066,0.07068456281423569,0.003931667787095996,0.0005456309020519245,0.6327665907692465,14.698216259394126,14.147160469359742
one_point,0,46,0.0665982081592083,0.06883901221950847,0.0011550648065033965,0.0014362583458423506,0.6405191620169486,15.01519353817926,14.526435538845117
one_point,0,47,0.06597119256854057,0.06774418436686198,0.0009172658866998352,0.0006270155906677316,0.6439036388098203,15.157901550127635,14.761196819314536
one_point,1,0,0.18350656855106354,0.2039459534923236,0.008170138756129507,0.0,0.0,5.4493665187533455,4.9032357820321115
one_point,1,1,0.1766155403852463,0.19304317201773322,0.010441518946728862,0.006891028165817242,0.03755194280089058,5.661983853939963,5.18016156379038
one_point,1,2,0.1747624934911728,0.1818223904490471,0.0043135776143264385,0.0018530468940735068,0.04764992953076541,5.722018826835305,5.499842443429922
one_point,1,3,0.17082817947864531,0.17751472870111465,0.0030331988402862177,0.003934314012527473,0.06908956541732869,5.853800873199218,5.6333036363426245
one_point,1,4,0.1664591110944748,0.1736437460780144,0.0029954504429723864,0.004369068384170505,0.09289835013096548,6.007445227718536,5.758884288677091
one_point,1,5,0.16091610658168792,0.16893176946640018,0.003060122032208997,0.0055430045127868866,0.12310437793996165,6.214379696743803,5.919514627970949
one_point,1,6,0.15882017314434052,0.16462305962642035,0.0031965748753321724,0.0020959334373474026,0.13452594967930886,6.296389708009372,6.074446239931693
one_point,1,7,0.15441632664203644,0.16025630664428075,0.0022011778556863936,0.004403846502304076,0.15852425413825055,6.47595721118885,6.239965097002882
one_point,1,8,0.1516314504146576,0.15808037579456963,0.0027168095589649886,0.0027848762273788574,0.17370014810960954,6.594894412544129,6.325855876276804
one_point,1,9,0.1471516854763031,0.1539346516132354,0.0033310255624918266,0.004479764938354475,0.1981121622065758,6.795662591975163,6.496220917767043
one_point,1,10,0.14448584991693497,0.14948989786505698,0.0024153153434283998,0.0026658355593681404,0.21263935641230436,6.921045067941455,6.689370485303285
one_point,1,11,0.13783064413070678,0.14564091621637346,0.0023917924776731014,0.006655205786228191,0.24890620963056553,7.25522797255246,6.866155197480005
one_point,1,12,0.13512709766626357,0.14195659735401472,0.003680448877360835,0.0027035464644432072,0.26363890549965585,7.400385391865563,7.04435703787092
one_point,1,13,0.13504537081718446,0.1378719164133072,0.0022312877279267317,8.172684907911676e-05,0.2640842674816515,7.404863928951666,7.253056118739519
one_point,1,14,0.13277847629785539,0.13576180168191593,0.001818560028997926,0.0022668945193290713,0.2764374738939782,7.531284411430923,7.365787886014166
one_point,1,15,0.13176765608787536,0.13361535398761432,0.0012913321345933916,0.001010820209980029,0.2819458337197942,7.589058200101159,7.484113809097768
one_point,1,16,0.13007044726610184,0.13239526564478876,0.0013682438826137426,0.001697208821773516,0.2911945970484009,7.688082365641609,7.55308312609768
one_point,1,17,0.1274905475974083,0.13165632312893868,0.001910009164685425,0.0025798996686935416,0.3052534925367967,7.84365723724518,7.5954757109913995
one_point,1,18,0.12441310834884643,0.12916345765789347,0.0022897033715445843,0.003077439248561867,0.32202367832829615,8.037673647076153,7.7420678887423655
one_point,1,19,0.12246887212991714,0.1266741262773673,0.002305005463557594,0.0019442362189292933,0.3326185918198439,8.165273488153813,7.894209616262031
one_point,1,20,0.12034514999389648,0.12409116939703622,0.002008344537652408,0.0021237221360206615,0.34419159518854725,8.309364280043162,8.058526213692607
one_point,1,21,0.11932801580429077,0.12224968251188596,0.001313375442286701,0.001017134189605709,0.34973436239103395,8.380191466927716,8.179913432407822
one_point,1,22,0.11731343054771423,0.12051531754533448,0.0018172427131277673,0.002014585256576537,0.36071263566203104,8.524100533337876,8.297631560338965
one_point,1,23,0.11173029977083207,0.11941556135813396,0.0030315950441208283,0.005583130776882161,0.39113732738269047,8.950043560318933,8.374047859249348
one_point,1,24,0.10798848110437394,0.11657922949989635,0.0034626705059537834,0.0037418186664581327,0.41152797985907263,9.260161172859794,8.577783765650324
one_point,1,25,0.10447634571790695,0.11182164459824563,0.0038009117286779363,0.003512135386466983,0.4306669971389345,9.57145296072165,8.942732517128189
one_point,1,26,0.10297170168161393,0.1072221717397372,0.0023168051064837913,0.0015046440362930236,0.4388663986544957,9.711311674544058,9.326342280074497
one_point,1,27,0.10284356778860092,0.10534756034215292,0.002607864765487011,0.00012813389301301326,0.43956465100603137,9.723410983218095,9.492298677382797
one_point,1,28,0.10151300829648971,0.103544020819664,0.0011499449712573937,0.001330559492111208,0.4468153968655234,9.850857204646301,9.657634834432253
one_point,1,29,0.09983484375476837,0.10232041720549266,0.001104630877746295,0.0016781645417213442,0.45596038036650566,10.016442616104378,9.773124994855129
one_point,1,30,0.09805398166179657,0.10184296695590019,0.002342347592886761,0.001780862092971791,0.46566500351451157,10.198359971644482,9.818941954932033
one_point,1,31,0.09805398166179657,0.10032750244339309,0.0018241682188503902,0.0,0.46566500351451157,10.198359971644482,9.967257316177083
one_point,1,32,0.09745186549425125,0.09920349285205204,0.0017532637992296314,0.0006021161675453246,0.46894617307862874,10.261370919452236,10.080188621006744
one_point,1,33,0.09393918961286545,0.09829149833520254,0.001994017289661948,0.0035126758813858044,0.4880881357294553,10.645071125799031,10.173716376500519
one_point,1,34,0.09295016193389893,0.09645437128543856,0.002455299255800178,0.0009890276789665114,0.49347773941926165,10.758337810894043,10.36748899178169
one_point,1,35,0.09195266586542129,0.0942792181412379,0.0019389852065487749,0.0009974960684776407,0.49891349071881297,10.875042235548815,10.606678895268729
one_point,1,36,0.09107411509752274,0.09326755111018818,0.0022345713179590223,0.000878550767898556,0.5037010619476547,10.979947694045793,10.721727614473096
one_point,1,37,0.0900855320096016,0.0923041408499082,0.0017857949253406152,0.0009885830879211438,0.5090882428847014,11.100438408411794,10.83363278353087
one_point,1,38,0.08957424283027648,0.0913160334567229,0.0008182954974936201,0.0005112891793251084,0.5118744602030358,11.16379892929522,10.950859463409106
one_point,2,0,0.16719254219532012,0.20242284076213835,0.014305979647626366,0.0,0.0,5.981092253143201,4.940129562975081
one_point,2,1,0.16719254219532012,0.18910269841353103,0.006540271263610722,0.0,0.0,5.981092253143201,5.2881038731099
one_point,2,2,0.16603660047054292,0.179908624513944,0.007122686491886842,0.0011559417247772041,0.006913835447437511,6.022732183349109,5.558346323614802
one_point,2,3,0.1654526661634445,0.1720991916298866,0.00542782516632025,0.0005839343070984104,0.010406421297446622,6.043988164107184,5.810568776998049
one_point,2,4,0.160303706407547,0.1663916648308436,0.002515650022491224,0.00514895975589752,0.041203008802422336,6.238120030348161,6.009880309427159
one_point,2,5,0.15544036066532135,0.16369422833919525,0.004311587745917941,0.004863345742225633,0.07029130232537206,6.433294174213298,6.108913559336535
one_point,2,6,0.15034523403644562,0.15833509564797085,0.0036097080168350044,0.005095126628875735,0.10076590700554633,6.65131392488081,6.315679289094656
one_point,2,7,0.14875586211681366,0.1532972608923912,0.0023152479677755436,0.00158937191963196,0.11027214393910045,6.722378959665971,6.523231210704712
one_point,2,8,0.1470277248620987,0.1502427832007408,0.0015548768746910938,0.001728137254714962,0.12060835410747084,6.80139204728818,6.655849438135483
one_point,2,9,0.143294855594635,0.1487777496616046,0.0021808388693710583,0.00373286926746369,0.14293512310355927,6.978568890567691,6.721389998736295
one_point,2,10,0.13934020799398422,0.14627941501339273,0.003527945958619643,0.003954647600650785,0.16658837670401494,7.176627893474075,6.83618514418656
one_point,2,11,0.13888408184051515,0.14311951403419176,0.0037807393272681006,0.0004561261534690719,0.16931652562429522,7.200197362797557,6.987118560523742
one_point,2,12,0.1335003018975258,0.13978288836280503,0.0021024498819138273,0.0053837799429893585,0.2015176027315494,7.490563655833031,7.153900293605576
one_point,2,13,0.133156653881073,0.1370321769376596,0.002561325148319486,0.00034364801645278553,0.20357300551411683,7.509895006809967,7.297502855494106
one_point,2,14,0.130618241250515,0.13423437114357947,0.002547728682807588,0.0025384126305580124,0.21875557644238552,7.655839908624927,7.449601334438076
one_point,2,15,0.1290403099656105,0.13230298752983413,0.002280360366186036,0.0015779312849044935,0.22819338547492662,7.749456358328197,7.558351177998344
one_point,2,16,0.12212129902839661,0.12981484032670657,0.002295779795002115,0.006919010937213893,0.2695768757093826,8.188512728273107,7.703220173156892
one_point,2,17,0.12179460048675537,0.1272379008769989,0.002836164461105005,0.00032669854164123213,0.27153090151311476,8.210477192965149,7.8592316744915465
one_point,2,18,0.11995683711767197,0.12390850333571435,0.0027585300953439974,0.0018377633690834089,0.28252279950660575,8.33626234040095,8.07040600663735
one_point,2,19,0.11754842948913574,0.12143005703488988,0.0018210690425686138,0.0024084076285362244,0.296927793873655,8.507059577795934,8.235125547105115
one_point,2,20,0.11629156422615052,0.11984777669111886,0.002338089822755957,0.0012568652629852267,0.30444526592403454,8.59900206564653,8.343848202783557
one_point,2,21,0.11250641280412674,0.11803325792153677,0.002554755706674616,0.0037851514220237775,0.32708474118006503,8.88830322443714,8.472116634687106
one_point,2,22,0.11179088258743286,0.1154679085314274,0.002309215745335619,0.0007155302166938771,0.3313644190131706,8.945193307912103,8.660339936683718
one_point,2,23,0.11073345702886582,0.11368079211910566,0.002058759770862922,0.0010574255585670406,0.3376890166577935,9.0306127544322,8.796483424120277
one_point,2,24,0.10724859422445297,0.11162307253479957,0.0021666818626524713,0.003484862804412847,0.3585324272468957,9.324044601112341,8.958641064527036
one_point,2,25,0.10453586047887803,0.11000950269699097,0.002363281734617604,0.002712733745574944,0.374757635081859,9.566003756177974,9.090041182289335
one_point,2,26,0.10269898843765259,0.10758454492886861,0.002951459303688206,0.001836872041225443,0.3857442019293177,9.737099440932099,9.294928985684473
one_point,2,27,0.10086456179618836,0.10527132878899575,0.003007393374628539,0.001834426641464229,0.3967161425277278,9.914186588487224,9.499172398896635
one_point,2,28,0.0990880578160286,0.1027896269619465,0.001997593689525869,0.0017765039801597576,0.4073416402732216,10.091931662693037,9.72851347983512
one_point,2,29,0.0990090326666832,0.10056005388498308,0.0012975835865053735,7.902514934539362e-05,0.40781429980879513,10.09998656768951,9.944207636723378
one_point,2,30,0.0972106250524521,0.09956453192631405,0.0013145809888476833,0.0017984076142311123,0.4185708059939224,10.286835545238894,10.043636393567152
one_point,2,31,0.09640188205242158,0.09830272431770963,0.0009369292880921856,0.0008087430000305179,0.4234080014179008,10.373133859797095,10.172554569428941
one_point,3,0,0.17104291379451753,0.19920556220610935,0.013582398665458977,0.0,0.0,5.846451813546218,5.0199149512220815
one_point,3,1,0.15763754379749298,0.18019249911308288,0.009882927714129538,0.013405369997024547,0.07837430794197697,6.343626221799085,5.54958977389321
one_point,3,2,0.15698860371112824,0.16816764341195428,0.00614179488762453,0.0006489400863647354,0.08216832706833699,6.369848552774675,5.946411766849723
one_point,3,3,0.15352292478084564,0.15876098349889117,0.004286744698455185,0.0034656789302826008,0.10243037039651659,6.5136427526034995,6.298737128129822
one_point,3,4,0.1478206294775009,0.1546614199280739,0.002148786529639987,0.005702295303344734,0.13576876002542093,6.7649098682964,6.465694772298612
one_point,3,5,0.14518346750736236,0.15133043565352755,0.003108072468526414,0.002637161970138552,0.1511868905497098,6.887789149684966,6.608012378138632
one_point,3,6,0.1432263340950012,0.14743946316242215,0.0025382107299956884,0.001957133412361145,0.16262924363492648,6.981907513105775,6.782398661474552
one_point,3,7,0.13863514614105224,0.14496838957071304,0.0019151469251664148,0.004591187953948972,0.18947155970693041,7.213126070184989,6.89800793782208
one_point,3,8,0.13247733783721924,0.14213819792270663,0.0027539756056011964,0.006157808303833001,0.22547309971361373,7.548403884933512,7.035356992402521
one_point,3,9,0.12789244323968887,0.13855820340116817,0.003904997373875838,0.0045848945975303645,0.25227862176545635,7.81900912719873,7.217131561479294
one_point,3,10,0.12584526538848878,0.13367229797244073,0.004217597193648186,0.0020471778512000938,0.26424741840124966,7.946203225920048,7.480925623651245
one_point,3,11,0.12531620693206788,0.12850948177774746,0.002210393495668979,0.0005290584564209,0.26734055125711575,7.979750143506481,7.781466431115328
one_point,3,12,0.12459727478027344,0.1263816620349884,0.001460971263236191,0.0007189321517944436,0.27154377801375373,8.025793308643157,7.912477739416147
one_point,3,13,0.12321923631429672,0.12529407931963604,0.001097349605838122,0.0013780384659767136,0.2796004606053063,8.115550090727867,7.981159399316343
one_point,3,14,0.12177271324396133,0.12437689617474874,0.001417330251928468,0.0014465230703353954,0.2880575374770975,8.21195291956484,8.040013786654002
one_point,3,15,0.1190114638209343,0.12265108292102812,0.0022845407246150744,0.0027612494230270235,0.3042011435568224,8.402481285528179,8.153143233970752
one_point,3,16,0.11211240488290787,0.11986819461385406,0.002861261024965967,0.006899058938026434,0.3445363950149133,8.919540005447233,8.342426953158352
one_point,3,17,0.10638292843103409,0.11633377816081047,0.003935539330463785,0.005729476451873786,0.37803369884801385,9.399916084582962,8.595881780233356
one_point,3,18,0.10532802480459214,0.1110966917216778,0.0039179094891860795,0.0010549036264419498,0.38420117812581234,9.494059228737889,9.001087101838285
one_point,3,19,0.10434510493278504,0.10730852232575418,0.0019967920399292945,0.0009829198718070975,0.38994780539028895,9.583491407217874,9.318837492951928
one_point,3,20,0.10173040610551834,0.1063175745765368,0.002182117601347996,0.0026146988272666982,0.4052346054643795,9.82980613639386,9.405694197678677
one_point,3,21,0.10004707235097886,0.10437318382461865,0.0018977183283782773,0.0016833337545394816,0.4150761926847759,9.995195074742648,9.580913242687613
one_point,3,22,0.09855387467145921,0.10311219544609387,0.002708963370308347,0.0014931976795196505,0.423806152005473,10.146631542413122,9.698079820664523
one_point,3,23,0.09743251317739487,0.10113698193033535,0.0030752852189187933,0.0011213614940643324,0.4303621762755664,10.263409040576457,9.88748223875782
one_point,3,24,0.09625269079208373,0.0988540506442388,0.0016268322600263042,0.0011798223853111411,0.4372599913275744,10.389212006011137,10.115821027686453
one_point,3,25,0.0952712909579277,0.09756284781297046,0.0023855663235580853,0.0009813998341560298,0.44299773171321255,10.49623127506822,10.249698248033393
one_point,3,26,0.09369091486930847,0.09613512465953826,0.0012413868150388356,0.0015803760886192314,0.4522373783817546,10.673279560940847,10.401917110154532
one_point,3,27,0.09302808934450149,0.09527896373470625,0.0014274131240940228,0.0006628255248069814,0.45611257852949805,10.749325904898855,10.495386026639979
one_point,3,28,0.09142115932703018,0.09451290462215743,0.0021027363371403946,0.0016069300174713086,0.4655074723711792,10.938267126494535,10.580453786114814
one_point,3,29,0.09124587339162826,0.093410218000412,0.0018605641752983352,0.00017528593540191983,0.4665322791375822,10.959279620552437,10.705352327121883
one_point,3,30,0.08933428436517715,0.09250910729964575,0.0022529559684407808,0.0019115890264511104,0.47770835760843666,11.193785379495578,10.809629663069575
one_point,3,31,0.08827420419454575,0.0911991921802362,0.0017264406430696818,0.0010600801706314028,0.4839061014793399,11.32820942329564,10.964889175054918
one_point,3,32,0.08639987295866013,0.0896436360100905,0.0017980635492727962,0.0018743312358856234,0.49486435279945795,11.573957134419995,11.155157123817636
one_point,3,33,0.08448552477359772,0.08834634355505308,0.002622702430599676,0.0019143481850624061,0.5060565626524907,11.836207048162345,11.318959458886916
one_point,3,34,0.08440707474946976,0.08648484240571656,0.002105096075605563,7.845002412795732e-05,0.5065152196198421,11.847207781578762,11.562586108705137
one_point,3,35,0.08276183199882507,0.08591160618662835,0.002752613383219433,0.0016452427506446904,0.5161341083194417,12.082718484236938,11.639735358833084
one_point,3,36,0.08153534144163133,0.08383551724950473,0.0016467495588499024,0.0012264905571937462,0.5233047681847618,12.264469834176468,11.927976409419697
one_point,3,37,0.08007488137483597,0.08242153007586797,0.001049722396284265,0.0014604600667953577,0.5318433275111651,12.488154770585545,12.132604993798708
one_point,3,38,0.07973647904396057,0.0817420891781648,0.0028051034082344803,0.00033840233087539806,0.5338217919992171,12.54115394654857,12.233450069649678
one_point,3,39,0.0765728589296341,0.08035459809700647,0.0013328796592978955,0.003163620114326471,0.55231785269032,13.059286993997892,12.444683677082276
one_point,3,40,0.07581414806842804,0.07929114970167477,0.001710126601512146,0.0007587108612060606,0.5567536451144219,13.189976218175236,12.611588962619317
one_point,3,41,0.07377610257267952,0.07739590751628081,0.0019478412502197198,0.002038045495748514,0.5686690495619686,13.554340915121692,12.92041287036753
one_point,3,42,0.07273758244514465,0.07620799566209316,0.0017300242123472862,0.0010385201275348727,0.5747407429428618,13.747862088928441,13.121810506911146
one_point,3,43,0.07216971877217293,0.07432917949358624,0.0013674726037940222,0.0005678636729717218,0.5780607499538154,13.856034926807087,13.453485607232894
one_point,3,44,0.07184909176826478,0.07319907680054506,0.0009483904745573766,0.00032062700390815546,0.5799352912417014,13.917866705379584,13.661187852641076
one_point,4,0,0.19101670825481415,0.20249791127443315,0.008944048943124346,0.0,0.0,5.235116728895198,4.938298155315844
one_point,4,1,0.17748428070545197,0.19423458725611373,0.00757004061437025,0.01353242754936218,0.07084420872393049,5.634270042142611,5.148387142266713
one_point,4,2,0.1719691468477249,0.1866007465839386,0.007609402446025938,0.0055151338577270614,0.0997167293956297,5.814962761446462,5.359006645471951
one_point,4,3,0.16589362561702728,0.1786351128458977,0.00900101495696206,0.006075521230697628,0.13152295873653608,6.027922823181325,5.597972235673648
one_point,4,4,0.1609017745256424,0.17066227946281431,0.004029837097618215,0.004991851091384891,0.1576560187028183,6.214933228765638,5.859491292723513
one_point,4,5,0.1598180696964264,0.16491501200199127,0.003031514123995007,0.0010837048292159923,0.16332936968408607,6.2570755911637015,6.063692590310306
one_point,4,6,0.15501845395565034,0.16084142884810765,0.002867811796683442,0.004799615740776059,0.18845604988199538,6.450803266834439,6.217264978908985
one_point,4,7,0.15010216319561004,0.15660204258362453,0.002771890037574246,0.004916290760040298,0.21419354062276352,6.6620847869596815,6.385571975499834
one_point,4,8,0.14797313165664672,0.15360921622912088,0.0027070524656679293,0.002129031538963322,0.22533932759823183,6.757937950400413,6.509983675229171
one_point,4,9,0.1461262984275818,0.15087333964506786,0.002735734514235714,0.0018468332290649259,0.23500776574659143,6.843348304941004,6.628032323803383
one_point,4,10,0.14432837998867035,0.14776576595306395,0.0024614442608861726,0.0017979184389114444,0.2444201279181405,6.928596243387857,6.767421575143873
one_point,4,11,0.14078693956136704,0.1448378156463305,0.0018310042695838412,0.0035414404273033107,0.2629600790023099,7.102881135383882,6.904226574468921
one_point,4,12,0.13711698323488236,0.1424946159760157,0.0018125708097474547,0.0036699563264846746,0.2821728293423953,7.292989412533916,7.01775976159376
one_point,4,13,0.13342784494161605,0.13965879882176718,0.0029017983454450794,0.0036891382932663086,0.30148600004338466,7.494631317820117,7.160256626720426
one_point,4,14,0.13089648967981338,0.13670408190687497,0.004382705439712065,0.0025313552618026758,0.31473800969704213,7.6395659110506,7.315017013641169
one_point,4,15,0.12887301474809648,0.13256155834396682,0.0022022547084831986,0.0020234749317168954,0.32533119261912247,7.759516159674621,7.54360818388288
one_point,4,16,0.12880880278348922,0.13077610250314078,0.002326388947489571,6.421196460726364e-05,0.32566735150906423,7.76338429522213,7.646598531849134
one_point,4,17,0.12730355954170228,0.1299521408081055,0.0024985684837552963,0.001505243241786941,0.3335475168387848,7.855178193145715,7.69508142536273
one_point,4,18,0.1251938335299492,0.12897457833091416,0.0026345876117748555,0.002109726011753077,0.3445922365966959,7.987550059410233,7.753405822568116
one_point,4,19,0.12426917505264282,0.1266261992196242,0.0018085416270893304,0.0009246584773063837,0.3494329570014937,8.046983112210022,7.897197491240285
one_point,4,20,0.12105153608322144,0.12532771382927893,0.0020952123670559797,0.0032176389694213714,0.3662777607823706,8.260876082038612,7.979017492848338
one_point,4,21,0.11954956388473512,0.12341752076347669,0.001566910456784708,0.0015019721984863288,0.37414080172893915,8.364661508114272,8.102511631268316
one_point,4,22,0.11847025817632675,0.1215934690018495,0.0020994478294119557,0.0010793057084083624,0.3797911226787096,8.440865872392859,8.224058283315417
one_point,4,23,0.11560820752382278,0.11931069335540137,0.0016333072566781905,0.0028620506525039724,0.3947743703676292,8.649830073386992,8.381408157717082
one_point,4,24,0.11418882948160172,0.11758279704848926,0.0030223001423980178,0.001419378042221059,0.40220501900140015,8.75734734467854,8.504573122329257
one_point,4,25,0.11137289947271348,0.11495930335124334,0.0014823145413131484,0.0028159300088882455,0.41694681847337,8.978764367005029,8.69865484735766
one_point,4,26,0.10815800303220749,0.11367428789933523,0.0022956087649721934,0.0032148964405059877,0.43377726472007927,9.245647352187786,8.796986737218969
one_point,4,27,0.10780284422636033,0.11187957530816398,0.002350499286757441,0.0003551588058471611,0.4356365722596761,9.276107055145987,8.93810205431639
one_point,4,28,0.10545982259511948,0.1093069926361243,0.0014773717180379994,0.002343021631240852,0.44790262821178317,9.482194196788658,9.148461845136092
one_point,4,29,0.10545982259511948,0.10817382166783016,0.00258795062118861,0.0,0.44790262821178317,9.482194196788658,9.244295341393547
one_point,4,30,0.10250427776575088,0.1067244018594424,0.0018102416120187028,0.002955544829368592,0.4633753313924176,9.755595241498098,9.369840568199521
one_point,4,31,0.10189707452058792,0.10489544556935629,0.0022523309809707,0.00060720324516296,0.46655412790038053,9.813728126903474,9.533211488456125
one_point,4,32,0.1008958439230919,0.10343729767799377,0.001730825748618871,0.0010012305974960306,0.47179571439113077,9.911112787256705,9.667599162478748
one_point,4,33,0.09959885531663895,0.10220331029097238,0.0016463720488769519,0.0012969886064529423,0.4785856366879949,10.040175227372464,9.784323157732118
one_point,4,34,0.0988229791522026,0.1006966007490953,0.0012754582898846848,0.0007758761644363482,0.4826474602401071,10.119001568028967,9.930723200562296
one_point,4,35,0.09838691300153732,0.10059634732206663,0.0029890768687737632,0.00043606615066528465,0.4849303293914463,10.163850106103734,9.940619972795684
one_point,4,36,0.09248561203479767,0.0994762119015058,0.0017836922510455493,0.005901300966739645,0.5158244905392103,10.812375737406777,10.052553553572835
one_point,4,37,0.0922363470196724,0.097684150326252,0.003160256223134977,0.00024926501512527455,0.5171294288213252,10.841595430826082,10.23697047770483
one_point,4,38,0.08791504812240601,0.09360674000779788,0.0026482495077739215,0.004321298897266387,0.5397520514010308,11.374487608993688,10.682877291094691
one_point,4,39,0.0875151538848877,0.09160254797339439,0.0021939207411238036,0.00039989423751830844,0.5418455553733893,11.426461922850566,10.916607731072197
one_point,4,40,0.08669032698869705,0.08961207370956739,0.001866053058165218,0.0008248268961906502,0.5461636430617727,11.535179293430144,11.15908604185325
one_point,4,41,0.08477541607618332,0.08811594510475795,0.001475903663045661,0.001914910912513737,0.5561884776953969,11.79573336883411,11.348555023226789
one_point,4,42,0.08423470261693,0.08672469342052938,0.0012447573366128808,0.0005407134592533142,0.5590191905905851,11.871450809255983,11.530608295641297
one_point,4,43,0.08390813997387886,0.08573433504203958,0.002578048236781105,0.0003265626430511426,0.560728793096223,11.917652836285805,11.663802322690623
one_point,4,44,0.07831096792221069,0.08421810029347739,0.0018775097863776263,0.005597172051668167,0.590030795537819,12.769440310749513,11.873791058267196
one_point,4,45,0.07526199027895927,0.08198001681963603,0.0027862335389921733,0.0030489776432514187,0.605992632966114,13.286742877123801,12.197945802502913
one_point,4,46,0.0750722724199295,0.07842210870385172,0.0019449044044443466,0.0001897178590297699,0.6069858333032107,13.320319839082073,12.75134353289014
one_point,4,47,0.07450121453404426,0.07702728696266811,0.002152602924241243,0.00057105788588524,0.6099754036455257,13.422419806635997,12.98224378902067
one_point,4,48,0.07375441625714302,0.07554255740145842,0.0013741540335540183,0.0007467982769012449,0.6138850002652362,13.558326299909568,13.237396204228718
one_point,4,49,0.07333002877235413,0.07460780237515767,0.0007763715048317027,0.0004243874847888879,0.6161067299174023,13.63679218389748,13.40324423077682
two_point,0,0,0.17564049184322358,0.19838672093153,0.01502283531016325,0.0,0.0,5.6934155449590085,5.04063454786666
two_point,0,1,0.1602567639350891,0.18047387340068824,0.009620507044729667,0.01538372790813447,0.08758645427767286,6.239947291446301,5.540937534167493
two_point,0,2,0.14588620817661285,0.17033360217809682,0.00754907891990359,0.014370555758476261,0.1694044656466196,6.854610575516585,5.8707977546125925
two_point,0,3,0.14576665091514587,0.16119910262028375,0.007831347123867086,0.00011955726146697931,0.17008515869303675,6.8602326628842984,6.203469996266431
two_point,0,4,0.14340988266468047,0.15063715587059653,0.005527384124831859,0.0023567682504654075,0.18350329608113436,6.9729715166607935,6.638424336919227
two_point,0,5,0.13321195417642592,0.14479980899890263,0.004287712187659523,0.010197928488254543,0.24156467123007885,7.506777446550805,6.906038763965597
two_point,0,6,0.125378877222538,0.13900044447978338,0.00497063336153333,0.007833076953887935,0.2861618872346875,7.975761518932501,7.194169842928804
two_point,0,7,0.12377518606185914,0.13201546546022097,0.005808096453206026,0.0016036911606788495,0.2952924194021236,8.079098506882689,7.574812706232608
two_point,0,8,0.12310802203416825,0.12622938006718956,0.002534294278515728,0.0006671640276908891,0.2990908830746485,8.122881519783784,7.92202320445936
two_point,0,9,0.12188149952888488,0.12488817612926166,0.0029895452480985523,0.0012265225052833645,0.3060740251304004,8.20462333694601,8.007099021655721
two_point,0,10,0.11843882387876511,0.12289843004544579,0.0012324224493208446,0.0034426756501197697,0.3256747197879438,8.443106104443375,8.136734235709797
two_point,0,11,0.11748798805475236,0.12189203025499981,0.0028617565460520872,0.0009508358240127579,0.3310882540705822,8.511435978442327,8.20391451347139
two_point,0,12,0.11348229724168778,0.11889959830641746,0.0022402246792344515,0.00400569081306458,0.3538944462591127,8.811869449565595,8.41038661069569
two_point,0,13,0.10868887519836426,0.11566899249951045,0.0028461032677815357,0.004793422043323517,0.38118554521368697,9.200488989199332,8.645284558172962
two_point,0,14,0.10483562725782394,0.11122420931855838,0.0026497000985489494,0.0038532479405403164,0.40312381184060875,9.538651005442091,8.990767525875503
two_point,0,15,0.10392083787918091,0.1082962926864624,0.0021382684252524414,0.0009147893786430328,0.4083321175623872,9.6226165780728,9.233841171774777
two_point,0,16,0.1033696181178093,0.10636478836536407,0.002028937635841589,0.0005512197613716102,0.4114704585883484,9.673928803060084,9.401519185520655
two_point,0,17,0.10185386437177658,0.1045028517862161,0.0018978158341532926,0.0015157537460327164,0.4201003236617489,9.817891429808771,9.56902528383072
two_point,0,18,0.09954339933395386,0.10354045198559761,0.002767246106002244,0.0023104650378227287,0.43325483611827886,10.045768588599111,9.657967710739635
two_point,0,19,0.09717817425727844,0.10095850760936737,0.0017968197227957196,0.0023652250766754146,0.446721122006311,10.290270602140899,9.904961144117314
two_point,0,20,0.09611141937971115,0.0996294235388438,0.001953381287045267,0.0010667548775672858,0.45279463538794884,10.404482651188935,10.037094739541292
two_point,0,21,0.09555640631914139,0.09793260275324188,0.0017488966849810693,0.0005550130605697645,0.45595457336549206,10.464913589849989,10.210999819128958
two_point,0,22,0.09473152363300323,0.09708761762579284,0.0021028840808903658,0.0008248826861381592,0.46065100001222703,10.556036740602746,10.299868557757044
two_point,0,23,0.09322070878744125,0.09644467835227648,0.0027543365951632624,0.0015108148455619808,0.46925274571281717,10.727115100197768,10.368530939742167
two_point,0,24,0.09241304928064346,0.0947384324232737,0.0014733585632636238,0.0008076595067977865,0.47385111308426986,10.820865526227456,10.555266950853506
two_point,0,25,0.09160345560312272,0.09412745805780091,0.0020075448228310407,0.0008095936775207452,0.4784604925560798,10.916499567799526,10.62377967974293
two_point,0,26,0.08978567200899124,0.09348653513193132,0.002761732893252922,0.0018177835941314835,0.48880994885203477,11.137510474827044,10.696613175101703
two_point,0,27,0.08967911893129349,0.09231153750220937,0.002722233619390701,0.00010655307769774636,0.489416603254898,11.150743463733903,10.83276472576725
two_point,0,28,0.08833192044496536,0.09043213180899619,0.001580217122885035,0.0013471984863281244,0.4970868077287651,11.320807632790048,11.05789415888084
two_point,0,29,0.08746544259786607,0.08923193967143696,0.0011161531295834596,0.0008664778470992979,0.5020200542598254,11.432956117783132,11.206623962878309
two_point,0,30,0.08616743177175522,0.08826255824168522,0.0012233454314871588,0.0012980108261108486,0.5094102113499652,11.605178131230488,11.329704126155644
two_point,0,31,0.08524468272924424,0.08755968009233477,0.0017419664246477267,0.0009227490425109813,0.5146638350037558,11.730799355272707,11.420651357955155
two_point,0,32,0.08461695504188538,0.08593290491700173,0.00092988332325168,0.0006277276873588589,0.5182377699248626,11.817822819105071,11.636850448793622
two_point,1,0,0.16389543533325196,0.18928042908509574,0.013387016331755035,0.0,0.0,6.101413968929171,5.283138471817155
two_point,1,1,0.1577089682817459,0.17548389412562052,0.009155204896138348,0.0061864670515060505,0.03774642679295481,6.340753288425743,5.6984961867096775
two_point,1,2,0.1505254590511322,0.16488936542272567,0.00897280142277995,0.007183509230613699,0.08157625778249589,6.643350320625763,6.064635719839196
two_point,1,3,0.14045987612009048,0.1565883081158002,0.009023248782739511,0.010065582931041733,0.1429909207996518,7.119420208834704,6.3861320548174625
two_point,1,4,0.13439011961221695,0.14593038030068078,0.005355447907277238,0.0060697565078735305,0.1800252439065264,7.440967847321171,6.85253574618135
two_point,1,5,0.12474163436889649,0.14004996956785518,0.0060279338220752595,0.00964848524332046,0.238895005737916,8.016505383738645,7.140257601112119
two_point,1,6,0.12081953710317611,0.13338610197703044,0.0042684849305939365,0.003922097265720376,0.262825490792277,8.276738574221353,7.496976732969296
two_point,1,7,0.11968747621774674,0.1264864743590355,0.005596815669079435,0.0011320608854293729,0.2697327050360876,8.355023236996692,7.905921159920496
two_point,1,8,0.11813393235206604,0.12183593956232071,0.0022355400294070604,0.0015535438656806982,0.27921157711401856,8.46489670828098,8.207691391398509
two_point,1,9,0.11699943679571152,0.11977859507004417,0.001595982066592888,0.0011344955563545173,0.28613364638365824,8.54697663860904,8.348667395437634
two_point,1,10,0.11585557466745376,0.1197728503406048,0.004500078288241434,0.001143862128257761,0.2931128653346432,8.63136168897041,8.349067823704987
two_point,1,11,0.11285286611318589,0.11642566951314608,0.0022486127992659096,0.0030027085542678744,0.31143374503554766,8.861016768331693,8.589097362156245
two_point,1,12,0.10974772429466248,0.11348271382252376,0.001378638726637257,0.0031051418185234075,0.330379616299196,9.11172322436402,8.811837102581007
two_point,1,13,0.10452563971281052,0.11339414169589679,0.0038951055461650193,0.005222084581851957,0.3622419105188842,9.56693913386601,8.818719964932898
two_point,1,14,0.10357764369249343,0.10977815331021946,0.003073355989142176,0.0009479960203170879,0.36802606197123866,9.654499850073554,9.109197601243558
two_point,1,15,0.10281565821170807,0.10624595505992572,0.0023571572933780522,0.0007619854807853627,0.3726752791946226,9.726050402658649,9.412034438407925
two_point,1,16,0.10174738520383834,0.10339559797644614,0.0008716830692613839,0.0010682730078697272,0.3791932948165805,9.828165803286636,9.67149809153103
two_point,2,0,0.16181446230411528,0.20366318390369417,0.018911257978740853,0.0,0.0,6.179879139859974,4.9100434884165285
two_point,2,1,0.13852902454137803,0.1768507637798786,0.017186494737531685,0.023285437762737254,0.14390208038991248,7.21865172052508,5.6544530776897775
two_point,2,2,0.13776521915197373,0.15524405781825384,0.009071122437545303,0.0007638053894042929,0.1486223345534049,7.258673469850198,6.441428887035521
two_point,2,3,0.13668290251493453,0.14237060200572016,0.00632131742723354,0.001082316637039199,0.15531096189627547,7.316150487368011,7.023872639712394
two_point,2,4,0.12793669468164443,0.1362067537665367,0.0029993909675212,0.00874620783329011,0.20936180326577192,7.816304666801791,7.341725946923869
two_point,2,5,0.12613348919153214,0.1319086734076341,0.0029875127080186132,0.0018032054901122863,0.22050546412547511,7.928045742362539,7.580945158659807
two_point,2,6,0.12335058468580246,0.12831188480854036,0.002086727138079637,0.002782904505729683,0.23770358391095803,8.106908415868112,7.793449593874621
two_point,2,7,0.12036070060729981,0.12572706033786138,0.0019177408277690534,0.002989884078502647,0.25618082034538403,8.308290718346257,7.953673963574724
two_point,2,8,0.11804813188314438,0.12390316094160081,0.0031992599419495326,0.002312568724155431,0.27047230388292576,8.471049164426637,8.070753979532014
two_point,2,9,0.11662065094709397,0.12041931162079175,0.002179772213700562,0.0014274809360504126,0.2792940180592989,8.574737125387252,8.304246904368085
two_point,2,10,0.11650182157754899,0.11816508799990018,0.0013622275439540649,0.0001188293695449788,0.280028373739582,8.583483099028289,8.462664855257328
two_point,2,11,0.11283286768198014,0.11645371959805488,0.0012161936724501441,0.003668953895568844,0.3027022055054558,8.86258727582111,8.587028533077184
two_point,2,12,0.1104948365688324,0.11525394773681957,0.0022754925813634383,0.0023380311131477455,0.3171510445020199,9.050114746876087,8.676417105176805
two_point,2,13,0.1089875979423523,0.11287557926774024,0.002335510799126702,0.001507238626480098,0.32646565461176014,9.175271715385616,8.859233744389318
two_point,2,14,0.1051554952263832,0.11016348318060237,0.0018090394801991306,0.0038321027159690935,0.35014773260035803,9.509636070003836,9.0773357358797
two_point,2,15,0.09962071514129639,0.10772038275003434,0.0026158330376921503,0.005534780085086816,0.38435221597147173,10.037972128683698,9.283207980355053
two_point,2,16,0.09801679980754853,0.10442677775025368,0.0022903629327821707,0.00160391533374786,0.3942642801399603,10.202228594841282,9.575996172125484
two_point,2,17,0.09752587324380875,0.10109484187761943,0.002188656788928386,0.0004909265637397797,0.3972981657194651,10.253584132653227,9.89160366467436
two_point,2,18,0.09210584008693695,0.09850422671635944,0.0019328324228479257,0.005420033156871798,0.4307935225602235,10.856956975791691,10.151745580764427
two_point,2,19,0.09071696847677231,0.09592009682059288,0.002397101589304608,0.0013888716101646409,0.43937663429441687,11.023174535219479,10.42523525216107
two_point,2,20,0.08994018799066544,0.09298267501393952,0.0020517903169160545,0.0007767804861068678,0.44417707348289304,11.118376600760323,10.754576003261716
two_point,2,21,0.08903285032510758,0.09078856883843739,0.0010957607306517196,0.0009073376655578669,0.4497843452473451,11.23168318957896,11.014481209614821
two_point,2,22,0.0881410666704178,0.09024074859817822,0.0013799320472290416,0.0008917836546897817,0.455295494510467,11.345320546422128,11.081345558281743
two_point,2,23,0.08670999997854233,0.08920366745591164,0.0013920400606560264,0.0014310666918754683,0.4641393683614081,11.532562192195476,11.210175751108968
two_point,2,24,0.08559539955854416,0.08819429954091709,0.00158147204763286,0.0011146004199981685,0.4710275068140971,11.682734380854935,11.338472744072519
two_point,2,25,0.08432740503549577,0.08747225951751071,0.0019212394859030096,0.0012679945230483908,0.4788636081426997,11.85840049481639,11.432065130713648
two_point,2,26,0.08366930201649667,0.0862689433902502,0.0020339023893131457,0.0006581030189991011,0.4829306303953971,11.951671930177056,11.591522617285213
two_point,2,27,0.08211751487851143,0.08450089756846427,0.0011178274948465724,0.0015517871379852333,0.49252054662345834,12.177521737691308,11.834053776008878
two_point,2,28,0.08201731765270233,0.08369424306253594,0.0015897838368667632,0.00010019722580910384,0.4931397571957543,12.192398340019501,11.948110351418823
two_point,2,29,0.08132754015922547,0.08311465675334137,0.001616359334429411,0.0006897774934768591,0.49740252508222726,12.295806589448112,12.03142751993954
two_point,2,30,0.08029166331887246,0.08240205794274806,0.0017933208338015388,0.0010358768403530144,0.5038041583207086,12.454438035373453,12.135471971134606
two_point,2,31,0.07947250735759735,0.08146754395465057,0.0014118708890209306,0.0008191559612751032,0.5088664744425864,12.582809457501613,12.27467623033314
two_point,2,32,0.07754635298252106,0.08104224818448227,0.0015198726934455434,0.0019261543750762888,0.5207699492473059,12.895346669349204,12.339090823749517
two_point,2,33,0.07732370805740357,0.07970695201357206,0.0016877599911422775,0.00022264492511749057,0.5221458764786993,12.932476890279748,12.545799694235372
two_point,2,34,0.0764159289598465,0.07829684211214386,0.0011851824027760464,0.000907779097557071,0.5277558762564136,13.086105573876868,12.771744061192994
two_point,2,35,0.0755520152747631,0.07728088283240794,0.0011773870771997809,0.0008639136850834006,0.5330947914113505,13.235739121242313,12.939643333594518
two_point,2,36,0.07468148851394654,0.07661994442244371,0.0013306887525574866,0.000870526760816559,0.538474574827622,13.390019801137926,13.051261734475322
two_point,2,37,0.0742786499261856,0.07579583670000237,0.001137375566138139,0.0004028385877609397,0.5409640839977222,13.462637492149417,13.193162716775603
two_point,2,38,0.07375866815447807,0.07532482102016606,0.0012323466153386603,0.0005199817717075339,0.5441775283605028,13.557544726281261,13.275660144909436
two_point,2,39,0.07311991932988167,0.0746959094832341,0.0010908170583527382,0.0006387488245963996,0.5481249432917834,13.675976849915493,13.387434726793515
two_point,2,40,0.0726652262210846,0.07418921543161075,0.0012498713566680307,0.0004546931087970746,0.5509349091151257,13.7615513011166,13.478866373178409
two_point,2,41,0.07233544635772705,0.0734988089412451,0.0009846451400332943,0.0003297798633575405,0.5529729214081045,13.824289833850525,13.605477543477543
two_point,3,0,0.17951674449443816,0.20246251790523528,0.011214584363889942,0.0,0.0,5.570479970190257,4.939161436817759
two_point,3,1,0.17886925423145295,0.18821898814837137,0.0061796726663700735,0.0006474902629852175,0.003606851632747099,5.590644483045397,5.312932010237472
two_point,3,2,0.16109454119205474,0.18046683269341787,0.00856475702296941,0.017774713039398204,0.10262108615140453,6.207496449624394,5.541153706316287
two_point,3,3,0.15562087762355803,0.17105606410900753,0.006970119428805569,0.005473663568496712,0.1331121892733549,6.425831735682773,5.846002357217716
two_point,3,4,0.15078899490833284,0.1621395258982976,0.006994536341206431,0.004831882715225194,0.16002824509217506,6.631739729203604,6.1674895554936615
two_point,3,5,0.14132803773880004,0.1537867118636767,0.003661086520930685,0.009460957169532797,0.2127306110813596,7.075686751990551,6.502470112088267
two_point,3,6,0.1384006800055504,0.14933010529081028,0.0055334822865188375,0.002927357733249647,0.2290374895371481,7.225345819211851,6.696528483148776
two_point,3,7,0.13281062418222428,0.14204322385986648,0.0059324279580490365,0.005590055823326112,0.2601769569950114,7.5294614169310154,7.040060995275306
two_point,3,8,0.129553859770298,0.13688038623730342,0.003493431039045273,0.003256764411926266,0.27831879897804246,7.718737851849089,7.305595212678203
two_point,3,9,0.12760586577653885,0.13343356537818912,0.0032337831919533526,0.0019479939937591673,0.28917012094940053,7.836568933141644,7.494310017541058
two_point,3,10,0.12067404562234879,0.1293548911531766,0.0024927184009002415,0.006931820154190055,0.32778390137256774,8.286717397476599,7.7306104197129395
two_point,3,11,0.12067404562234879,0.1267580461581548,0.0026617657278435953,0.0,0.32778390137256774,8.286717397476599,7.888983313682554
two_point,3,12,0.11333774304389954,0.1238936859826247,0.004886516882212227,0.00733630257844925,0.3686508555896244,8.82310826062955,8.071371197794896
two_point,3,13,0.10895094436407089,0.11850228661894799,0.003948115572199778,0.004386798679828649,0.39308756589307225,9.178358457361961,8.438584519731842
two_point,3,14,0.1052204082608223,0.11405716162323955,0.004319263103831193,0.0037305361032485967,0.41386855829439206,9.50376939948575,8.767456758624876
two_point,3,15,0.10398902255296708,0.108141290473938,0.002722745721144192,0.0012313857078552204,0.4207280059259938,9.616307174956638,9.247076195792221
two_point,3,16,0.10210266143083573,0.10499550626873971,0.0017967484392086858,0.0018863611221313498,0.4312360013079498,9.793968071139082,9.524126426078302
two_point,3,17,0.09921472042798996,0.10391047465999922,0.002609353437144759,0.0028879410028457703,0.4473233084334155,10.079047913841363,9.623576253460202
two_point,3,18,0.09888398617506028,0.1018182737906774,0.0016987394399387366,0.0003307342529296764,0.44916566722763884,10.11275865710956,9.821323240389878
two_point,3,19,0.09818547439575195,0.09975615650018055,0.001280547738993351,0.0006985117793083251,0.45305673477833175,10.184702181783045,10.02434346650799
two_point,3,20,0.09684182143211365,0.09901906800667447,0.0019445609089490052,0.0013436529636383088,0.4605415683932814,10.326010593371603,10.09896296912859
two_point,3,21,0.09622400552034378,0.0979512512942155,0.0009223463775232193,0.0006178159117698617,0.4639831187261475,10.392309094631136,10.209055808184925
two_point,4,0,0.17164279973506927,0.19668254859447484,0.011427232650659298,0.0,0.0,5.826018775764061,5.084309324018834
two_point,4,1,0.16519566690921783,0.18271506124337517,0.00805064651049765,0.006447132825851437,0.03756133572630249,6.053390898918923,5.472972617705536
two_point,4,2,0.1626755872964859,0.17313123056888582,0.005576721576519958,0.002520079612731929,0.05224345240478634,6.147166083447841,5.77593205328756
two_point,4,3,0.15911896467208864,0.1667880399942398,0.003261123360086502,0.0035566226243972654,0.07296452331418024,6.284566503397489,5.9955977924840616
two_point,4,4,0.15685903465747833,0.16195389723380405,0.0023917090384888203,0.0022599300146103063,0.08613099471932228,6.37511015590181,6.174558578221708
two_point,4,5,0.1530384569168091,0.15981867179473241,0.0024844702423331027,0.00382057774066924,0.10838988205142297,6.534262602248982,6.257052018504768
two_point,4,6,0.15178610587120056,0.1567355420788129,0.0021859994654817,0.0012523510456085296,0.11568614526515253,6.58817489312006,6.3801330993838254
two_point,4,7,0.15064817309379577,0.1538702596505483,0.0025703956122942076,0.0011379327774047876,0.12231580161637257,6.63793885796764,6.498939452832618
two_point,4,8,0.14815496504306794,0.15186081982851027,0.0017458671240872827,0.0024932080507278354,0.13684136315799333,6.749643861516523,6.584933600356222
two_point,4,9,0.14731920874118803,0.1499388443191846,0.001224168806381604,0.000835756301879903,0.141710523432528,6.787934992386542,6.669341325120018
two_point,4,10,0.1455721596479416,0.1489705698688825,0.002420083725746042,0.0017470490932464389,0.1518889235515135,6.86939819413434,6.712690219215325
two_point,4,11,0.14395838379859924,0.14718260985612866,0.001270775269672075,0.0016137758493423582,0.16129086672555415,6.946403725921827,6.794234772319388
two_point,4,12,0.14052212327718736,0.14646814644932746,0.002001900683711652,0.0034362605214118824,0.18131070167765084,7.116266538051968,6.827376442355117
two_point,4,13,0.13913477140665054,0.1442197881778081,0.002780460872285438,0.0013873518705368182,0.18939348681444768,7.187224319742414,6.933813166844657
two_point,4,14,0.13690751892328262,0.14096610589822134,0.0020619355910716044,0.002227252483367914,0.20236957719986248,7.3041473815106785,7.093853517302135
two_point,4,15,0.1345718126296997,0.1385981063723564,0.002474850333016486,0.0023357062935829287,0.21597752520110747,7.430921450320523,7.215053734281869
two_point,4,16,0.13327688032388688,0.13642793813149134,0.0026176343332850486,0.0012949323058128182,0.22352186908160554,7.503120529602044,7.329823230289982
two_point,4,17,0.13125027412176132,0.13446981435815492,0.002214664640962189,0.0020266062021255526,0.2353289836547401,7.618973657141825,7.436557923539901
two_point,4,18,0.13073145598173141,0.13321401076714198,0.0015975969528971969,0.0005188181400299086,0.2383516454898459,7.649209926414449,7.506661555941217
two_point,4,19,0.12644128131866456,0.13144607238173486,0.002231135218495075,0.004290174663066859,0.26334642924826024,7.908746896773894,7.607624741127017
two_point,4,20,0.1262092314362526,0.12958932920098307,0.002538414999629278,0.000232049882411961,0.26469836409650394,7.9232879032084575,7.716625200087956
two_point,4,21,0.1229660148024559,0.12805270334680874,0.0028827652901154727,0.003243216633796689,0.28359351518237874,8.13226214856464,7.809223582481586
two_point,4,22,0.1193378718495369,0.12568097908298176,0.002272179403046084,0.0036281429529190085,0.3047312672961816,8.379499357600812,7.9565901754279995
two_point,4,23,0.11924567610025406,0.12424029595851899,0.0035021742338182324,9.219574928283347e-05,0.30526840459192106,8.385977980294156,8.048853581935225
two_point,4,24,0.11577002185583114,0.12150840384960175,0.0025352112336235236,0.003475654244422921,0.3255177494510564,8.63774011812121,8.229815704122373
two_point,4,25,0.11484726625680924,0.11881259553631147,0.0030247785665403577,0.0009227555990218989,0.33089377221720895,8.707140582896791,8.416545223516806
two_point,4,26,0.11207724660634995,0.11689750425020855,0.002638776885141715,0.002770019650459296,0.3470320527319455,8.922338011873784,8.55442938653525
two_point,4,27,0.11207724660634995,0.11525964848796527,0.003672307642346118,0.0,0.3470320527319455,8.922338011873784,8.675987972637627
two_point,4,28,0.11174062865972519,0.11356498859524727,0.001824777755546979,0.0003366179466247621,0.34899320663496003,8.949216258921668,8.805453220365397
two_point,4,29,0.1093216428756714,0.11237545867164929,0.0017072108674183175,0.0024189857840537926,0.3630863453380544,9.147235867113668,8.89866091012782
two_point,4,30,0.10929021954536439,0.11177471487124761,0.0014886849153532256,3.1423330307006614e-05,0.3632694193170125,9.149865873579367,8.946487178828438
two_point,4,31,0.1082042755484581,0.1102933591802915,0.0023200713382528332,0.0010859439969062856,0.36959618629227997,9.24169357668855,9.06664681160494
two_point,4,32,0.10723170405626298,0.10899803890585898,0.001622747790933552,0.0009725714921951234,0.3752624390782767,9.325513226592877,9.174392820689793
two_point,4,33,0.10416501861810684,0.10809025230805082,0.0018404282695901727,0.003066685438156136,0.39312911011189755,9.600059724526835,9.251442449293544
two_point,4,34,0.10196189934015273,0.1072452611943086,0.0030129084509532733,0.0022031192779541076,0.40596459917030625,9.807488865768281,9.32433437645161
two_point,4,35,0.09975840669870377,0.10548605876962344,0.002848878198869272,0.0022034926414489647,0.418802263464119,10.02411735486989,9.479835836393276
two_point,4,36,0.09821638613939285,0.10208659009138743,0.00207417687529825,0.001542020559310922,0.42778615653560836,10.181496772687192,9.79550990580553
two_point,4,37,0.09775230479240418,0.10048469529549281,0.0020256010609870953,0.0004640813469886651,0.4304899189288167,10.229833171611647,9.951665230153948
two_point,4,38,0.09499417155981064,0.0992330998023351,0.0018702497605975735,0.0027581332325935376,0.44655894854643374,10.526850823890372,10.077181150349576
two_point,4,39,0.09459331434965133,0.09773909670909245,0.001764656509090236,0.0004008572101593111,0.44889436378539527,10.571459890323586,10.231215577536595
two_point,4,40,0.0928923574090004,0.09644993755221368,0.0031656038262539658,0.0017009569406509356,0.45880422859345227,10.765032375749941,10.367965572741586
two_point,4,41,0.09212831169366836,0.09446079514424005,0.0015488517543997883,0.0007640457153320346,0.4632555992102876,10.854308814604174,10.586290451849163
two_point,4,42,0.09062105041742324,0.09349820817311608,0.0021390266766648826,0.0015072612762451199,0.4720369828661798,11.03484191092345,10.695277741266809
two_point,4,43,0.08846179348230362,0.09216430047154427,0.0015440169608465356,0.002159256935119619,0.48461692760287967,11.304187451417564,10.850070415695619
two_point,4,44,0.08703068751096726,0.09082006743351619,0.0013705630711622564,0.0014311059713363605,0.49295462643758337,11.490067912034744,11.010661163303666
two_point,4,45,0.0864970789551735,0.08978970123330753,0.0033017583547564765,0.0005336085557937631,0.49606345801465734,11.560950394265252,11.137010695591425
two_point,4,46,0.08546945172548294,0.0872769008119901,0.0008822952884810725,0.0010276272296905614,0.502050468429756,11.699949863513485,11.457654122022852
uniform,0,0,0.16120454728603362,0.1997545342723529,0.01311156011674014,0.0,0.0,6.203260476053339,5.006119122770181
uniform,0,1,0.1580209206342697,0.1800939979791641,0.01293276150397605,0.0031836266517639156,0.019748987887513114,6.328235956038198,5.552625065776086
uniform,0,2,0.1550697646141052,0.16294192296663917,0.0068880986243418174,0.0029511560201644915,0.03805589094855455,6.448668789945724,6.137118334404369
uniform,0,3,0.15171722853183747,0.1577420023838679,0.0034992195702971992,0.0033525360822677375,0.05885267453009435,6.591165805697197,6.339425425455628
uniform,0,4,0.1467709800004959,0.15441084017356235,0.0028230819734762786,0.004946248531341568,0.08953573288430561,6.813289566555015,6.476187310998805
uniform,0,5,0.14362273919582366,0.14958232489824297,0.0029093777605650154,0.003148240804672242,0.10906521178347184,6.962637274305683,6.685237145786603
uniform,0,6,0.14214575856924058,0.14606451754371322,0.0031479005446145908,0.0014769806265830798,0.1182273641634689,7.034982788671145,6.846242814980124
uniform,0,7,0.13976112800836563,0.14282324082851408,0.0015785466055320398,0.0023846305608749563,0.13301994043393717,7.1550141247144134,7.001612570800765
uniform,0,8,0.137712058365345,0.1405982692877452,0.0019975959961613227,0.0020490696430206234,0.14573093201275933,7.261475504719794,7.1124124973468925
uniform,0,9,0.13534465259313583,0.1385443158825238,0.0016562575499682439,0.0023674057722091746,0.16041665776966718,7.388489994622227,7.2178549930040665
uniform,0,10,0.13189297765493393,0.13724350138505298,0.003940488316551673,0.003451674938201893,0.18182842931279497,7.581847312363558,7.286266407091978
uniform,0,11,0.1284044948220253,0.13426908906896912,0.003728133679677019,0.003488482832908646,0.2034685312307567,7.787828717034552,7.447675107196365
uniform,0,12,0.12563260239362717,0.13081561677654582,0.003220521413638378,0.0027718924283981206,0.22066340864001366,7.959653953620338,7.644288811628176
uniform,0,13,0.12332274717092515,0.12749426762660346,0.0018566852063335686,0.002309855222702023,0.2349921311332045,8.108738364996425,7.843428376719904
uniform,0,14,0.12257926368713379,0.12530682000915208,0.001691188167481725,0.0007434834837913573,0.23960418145255524,8.157920124501752,7.980347913856958
uniform,0,15,0.12071896475553513,0.12336295660535493,0.001649821871831538,0.0018602989315986557,0.25114417187415194,8.283633962493756,8.106095390560718
uniform,0,16,0.11760103231668473,0.1219728368719419,0.002110018881119472,0.0031179324388504043,0.2704856389192354,8.503254410664853,8.19847949072785
uniform,0,17,0.11196221405267716,0.11999973708192507,0.003993801493240462,0.00563881826400757,0.30546491437355816,8.931504945271701,8.333282147402938
uniform,0,18,0.10778130531311035,0.11586189170479774,0.003654520315946829,0.004180908739566808,0.331400341195907,9.277960766333345,8.630891092791456
uniform,0,19,0.10669908857345581,0.1119283534169197,0.0034937286241556315,0.001082216739654543,0.33811365516796454,9.372063447834606,8.934206885616083
uniform,0,20,0.10269594621658326,0.10817824197808901,0.002170507091364249,0.004003142356872547,0.36294634397400405,9.737387885819357,9.243917610390941
uniform,0,21,0.10144909620285034,0.10594707433581353,0.0024460597574814873,0.0012468500137329253,0.37068092736339553,9.85706310224183,9.438585894731744
uniform,0,22,0.09966912180185318,0.10344090519348782,0.003721606066389052,0.0017799744009971558,0.3817226407081118,10.033096999600605,9.667262006915887
uniform,0,23,0.09943279546499252,0.10097845827937127,0.0009048792907038603,0.0002363263368606594,0.383188643627008,10.056942866593765,9.903004205403688
uniform,1,0,0.1710400871038437,0.19783240120410914,0.010117398599190192,0.0,0.0,5.846548434253536,5.054758164766513
uniform,1,1,0.1678690527677536,0.1835382397333781,0.012167292852555855,0.0031710343360900894,0.018539714225968895,5.956988655883067,5.448426186425691
uniform,1,2,0.160427600979805,0.17121342071294782,0.008097036927001167,0.007441451787948611,0.06204677689152216,6.233302502749379,5.840629520784148
uniform,1,3,0.1560665670633316,0.16418658483823145,0.004671375894227815,0.0043610339164733836,0.08754392197789984,6.407481187902442,6.0905944927886395
uniform,1,4,0.14995930206775665,0.15933954385121663,0.00493315414770566,0.006107264995574957,0.12325055133588803,6.66843148627541,6.275866617687364
uniform,1,5,0.14696588850021364,0.15442791782220208,0.0037850245975094114,0.002993413567543013,0.1407517910641256,6.8042537350074355,6.475471136509065
uniform,1,6,0.14531082296371461,0.1506733704805374,0.0032903341250062924,0.001655065536499023,0.15042826845912471,6.881752493392827,6.636828790528579
uniform,1,7,0.1389184483885765,0.14725761656165123,0.0038509739931374583,0.00639237457513811,0.18780181452880784,7.198416144029485,6.7907741044228835
uniform,1,8,0.13559164732694626,0.14337962521115938,0.003858614079708529,0.003326801061630247,0.20725223178456165,7.375031166614523,6.974443015067628
uniform,1,9,0.12390408080816269,0.13874558000365894,0.0062530143689474155,0.011687566518783568,0.27558455502342727,8.070694062564394,7.207384859314216
uniform,1,10,0.12390408080816269,0.13167829668124517,0.005203222271716378,0.0,0.27558455502342727,8.070694062564394,7.594208240804099
uniform,1,11,0.12242091947793961,0.12597246936162312,0.0025699172542373535,0.0014831613302230817,0.2842559802742961,8.168471824853226,7.938179404501203
uniform,1,12,0.11242920166254043,0.12335434590776764,0.0030435613449249985,0.009991717815399176,0.34267338396360136,8.894407243006668,8.10666122851049
uniform,1,13,0.1110431873202324,0.12047295192281406,0.004264794876720331,0.001386014342308034,0.3507768313236729,9.00542409406961,8.300549488412946
uniform,1,14,0.10776747798919678,0.11586881455977756,0.004388190306230604,0.0032757093310356172,0.3699285365554811,9.279151182781339,8.630375424343992
uniform,1,15,0.10617651826143265,0.11054635180036225,0.002995673525931232,0.0015909597277641296,0.3792302140435089,9.418189616541778,9.04589737984771
uniform,1,16,0.10540178537368775,0.10764365614851319,0.001971078548538006,0.0007747328877449056,0.3837597538774926,9.487415313121652,9.289824834595954
uniform,1,17,0.1015100576877594,0.10605770280361175,0.0017100926060057773,0.0038917276859283395,0.40651306131451204,9.85114353823331,9.428740627270294
uniform,1,18,0.10037788063287735,0.10416491390665371,0.002088440037933524,0.0011321770548820553,0.4131324280024784,9.96225494541396,9.600069374864132
uniform,1,19,0.09847491830587388,0.10150303466121356,0.0021691093674313343,0.001902962327003474,0.42425825446354737,10.154766944075831,9.851825135204376
uniform,1,20,0.09602769356966019,0.1000889030635357,0.002756254280317686,0.002447224736213685,0.4385661560651637,10.41355414540332,9.991017768947321
uniform,1,21,0.09478335428237915,0.09776098708510399,0.0015342487097223917,0.0012443392872810433,0.445841288511311,10.550264414112327,10.22892465483008
uniform,1,22,0.09337099713087083,0.09583560218811035,0.0014981167776771786,0.0014123571515083228,0.45409875128172483,10.709849106026866,10.434426692603065
uniform,1,23,0.0921580171585083,0.09524094937245049,0.00286979219480231,0.0012129799723625267,0.4611905389024017,10.850810163047383,10.499575098882406
uniform,1,24,0.09137311816215515,0.09351681664586067,0.0015002305852326887,0.000784898996353145,0.46577951573025256,10.944018066750271,10.693149560867795
uniform,1,25,0.08822302722930908,0.09198850714564322,0.0014456003205410243,0.0031500909328460724,0.484196782618883,11.334780687361187,10.870805062763745
uniform,1,26,0.08601685118675231,0.09114659005403519,0.002400349519281555,0.002206176042556768,0.497095373118415,11.625493850444045,10.971217115089583
uniform,1,27,0.08586762326955795,0.08876217057506244,0.0020274148330490733,0.0001492279171943639,0.49796784646499226,11.645697367952549,11.265933759704442
uniform,1,28,0.0840215844810009,0.08698676567176976,0.001956669409136016,0.0018460387885570473,0.508760864755706,11.901562016651832,11.495869474028014
uniform,1,29,0.08270972535014152,0.08593707159260909,0.0016761437959209226,0.0013118591308593774,0.5164307575455928,12.090330434978938,11.636286240404802
uniform,1,30,0.08034468343853951,0.08494728430012864,0.0022255916255765106,0.0023650419116020144,0.5302581704734529,12.446219351223153,11.771868122338118
uniform,1,31,0.08034468343853951,0.08315579754610856,0.0011847870664855788,0.0,0.5302581704734529,12.446219351223153,12.025475120606016
uniform,1,32,0.07812765190005302,0.08180195118586221,0.002215943949993977,0.002217031538486486,0.543220228526782,12.799401700662408,12.224497839056292
uniform,1,33,0.0770861460864544,0.08052424532572429,0.0017878077510071865,0.001041505813598631,0.5493094783116368,12.972331325879997,12.418465736490514
uniform,1,34,0.07526708766818047,0.07876702542205652,0.002020556932534878,0.0018190584182739278,0.5599447536384643,13.285843057531928,12.69550676993334
uniform,1,35,0.07355707809329033,0.0770930521051089,0.0020616268145227834,0.001710009574890134,0.5699424658932057,13.594699942156536,12.971169275635098
uniform,1,36,0.0716292053759098,0.07517463964422544,0.0012066991332294096,0.0019278727173805271,0.5812139330096253,13.960590993032575,13.302181461076723
uniform,1,37,0.0716292053759098,0.07472745696504911,0.0025594505762574883,0.0,0.5812139330096253,13.960590993032575,13.381783066492398
uniform,1,38,0.07077875158190727,0.0730191831956307,0.0014034774020352811,0.0008504537940025314,0.5861861813778467,14.128334412742133,13.694843757387847
uniform,1,39,0.07032088685035706,0.07233148286044598,0.0023659478689208543,0.00045786473155021157,0.5888631253580742,14.220323782380456,13.825047343243297
uniform,1,40,0.06940739274024964,0.07116441608270009,0.0007836954083650802,0.000913494110107424,0.5942039441425783,14.407479564356835,14.051769174481006
uniform,2,0,0.16324277365207673,0.19598590676784514,0.01544540896499916,0.0,0.0,6.125807910636219,5.1023816666719615
uniform,2,1,0.15284956192970275,0.1774578593770663,0.011725696262948608,0.01039321172237398,0.06366720859892572,6.542337740700674,5.635108912061642
uniform,2,2,0.15284956192970275,0.16414999096393584,0.008564016811296227,0.0,0.06366720859892572,6.542337740700674,6.09195225766076
uniform,2,3,0.14782104015350342,0.15592349620660145,0.00366627646528125,0.005028521776199335,0.09447115577343734,6.764891074169766,6.413360468229382
uniform,2,4,0.1455417869091034,0.15117296071449912,0.0024739150655112966,0.002279253244400009,0.10843350885901915,6.870831741215284,6.61489581455472
uniform,2,5,0.1434128828048706,0.14729969536860785,0.0017774321972233132,0.002128904104232804,0.12147484635044281,6.972825645900706,6.78883421084729
uniform,2,6,0.14043413829803467,0.14478080263336499,0.0020306087818326305,0.0029787445068359397,0.13972217479381144,7.120724998880103,6.906945360615022
uniform,2,7,0.13582537174224854,0.14243034091591833,0.0032619181916869874,0.004608766555786126,0.1679547663669546,7.362340517330861,7.020926669435284
uniform,2,8,0.13204502445459365,0.13794680180946986,0.003002276406349585,0.0037803472876548894,0.1911125895469995,7.573117056196323,7.249118774514259
uniform,2,9,0.12805968141555785,0.1335313594122728,0.00247421997662125,0.003985343039035805,0.21552618501512022,7.808798055314048,7.488821469203302
uniform,2,10,0.12680006217956544,0.130806417876482,0.0017452879468814364,0.0012596192359924097,0.22324241776351172,7.886369268609759,7.644826388548344
uniform,2,11,0.12181223970651626,0.1294792460401853,0.003746020540020341,0.004987822473049172,0.2537970472975567,8.209288271203464,7.723185818550588
uniform,2,12,0.11983222204446793,0.12561340929865839,0.002474543112259019,0.0019800176620483334,0.26592632945658445,8.344931254781066,7.960870138890033
uniform,2,13,0.11705867964029312,0.12199520484805107,0.0025037532561595884,0.0027735424041748086,0.2829166215358291,8.542651091074658,8.196976301398243
uniform,2,14,0.11385379594564438,0.1199947165668011,0.0030118669769661154,0.003204883694648747,0.30254924369084957,8.783117054440217,8.333630804590465
uniform,2,15,0.1111445369720459,0.11697786384820938,0.0023036624285259853,0.002709258973598472,0.31914574541026275,8.997212368963668,8.548552850518279
uniform,2,16,0.11057863932847976,0.11541577971776326,0.003367969697665023,0.0005658976435661406,0.32261234690756546,9.043256119053467,8.664251441128146
uniform,2,17,0.11005673199892044,0.11307075797120732,0.003506503177453062,0.0005219073295593263,0.3258094705405643,9.08614035413531,8.843941386801829
uniform,2,18,0.10634153991937638,0.1105874397814274,0.0013492471453057516,0.003715192079544058,0.3485681629863465,9.40357453149182,9.042536471049331
uniform,2,19,0.1061109123826027,0.10990522737105685,0.0020361359107563004,0.0002306275367736782,0.3499809516299971,9.424012606561526,9.098665507131619
uniform,2,20,0.1045575448870659,0.10732313801248868,0.0016414982547932517,0.001553367495536806,0.3594966408135657,9.56401986160102,9.317568428862069
uniform,2,21,0.10381953477859497,0.10572717627286912,0.001159885328329469,0.000738010108470924,0.36401757666855106,9.632005866012678,9.458216676500166
uniform,2,22,0.10246570390462875,0.10505770828127861,0.0013373006904554997,0.0013538308739662192,0.372310935349479,9.759267761074403,9.518487485327281
uniform,2,23,0.10165222615003586,0.10466077053944269,0.002540030338397299,0.0008134777545928951,0.37729417434005563,9.837366091303805,9.554587074591304
uniform,2,24,0.09971759659051896,0.10308791138529778,0.002321847452222527,0.0019346295595168983,0.38914541599832475,10.028219752293204,9.700364341441837
uniform,2,25,0.09744045788049698,0.10166587702830635,0.0018990852450277173,0.0022771387100219836,0.4030948157731369,10.262572233129028,9.836045221705566
uniform,2,26,0.09744045788049698,0.10002407954533893,0.002026947822931956,0.0,0.4030948157731369,10.262572233129028,9.997492674291994
uniform,2,27,0.09499701464176177,0.09866890333890915,0.0024111880105718905,0.0024434432387352018,0.4180629713862176,10.526535778363447,10.134802671947723
uniform,2,28,0.09478348207473755,0.09761401990254719,0.002052576745926268,0.00021353256702422163,0.4193710388874433,10.550250189809553,10.244325115113824
uniform,2,29,0.0936414291858673,0.09603084070086478,0.0015265358825210615,0.0011420528888702458,0.42636707836484355,10.678919894475804,10.413212875039632
uniform,2,30,0.0928464338183403,0.09528458265066146,0.0020550837933050307,0.0007949953675270016,0.43123709710895897,10.770356905679696,10.494767121970872
uniform,2,31,0.09169676852226258,0.09377705101569495,0.0011610102607369172,0.001149665296077726,0.43827976901631116,10.905390786660396,10.66347603910682
uniform,2,32,0.09130547815561295,0.09321158049901328,0.0014479444360944284,0.0003912903666496298,0.4406767533231546,10.952125415413652,10.728165604326186
uniform,2,33,0.09008615571260453,0.09213508838613826,0.00106294690374814,0.0012193224430084165,0.448146134146144,11.100361556426463,10.853510470392928
uniform,2,34,0.08770803713798522,0.09111332940856617,0.001289020135752874,0.002378118574619309,0.4627141209636668,11.401333689557946,10.97522208077607
uniform,2,35,0.08657763856649399,0.08981757072210311,0.0013702410387866008,0.001130398571491234,0.4696387678941366,11.550193171863999,11.133555031664669
uniform,2,36,0.08614295125007629,0.08876152606209119,0.0012981691340999111,0.00043468731641770064,0.47230159520767,11.608476108751912,11.266015562699057
uniform,2,37,0.08607531875371933,0.08724865781664848,0.0009414863915093237,6.763249635695356e-05,0.47271590142682984,11.617597203026184,11.461363001577134
uniform,3,0,0.16267902123928069,0.18424120068550107,0.015007398058803507,0.0,0.0,6.147036325555509,5.427638164760018
uniform,3,1,0.15780580055713653,0.16824642696380615,0.00786217804590973,0.004873220682144158,0.02995604869650803,6.336862520940177,5.9436272996621975
uniform,3,2,0.14782989704608918,0.16062816473642982,0.00479621858030507,0.009975903511047352,0.09127866691151454,6.764485773824605,6.2255195165887915
uniform,3,3,0.14472404134273528,0.15384321904977163,0.005232487385718695,0.0031058557033538936,0.11037059210072242,6.909654270761738,6.500081746175202
uniform,3,4,0.13912794709205628,0.14760593279202777,0.003995209900787348,0.005596094250679001,0.14477019819650683,7.187576855148184,6.774749539772361
uniform,3,5,0.1374317893385887,0.1429225095172723,0.002545822202371209,0.0016961577534675698,0.15519660561244975,7.276283955325482,6.996749543707153
uniform,3,6,0.13081210327148438,0.13903193577130638,0.002918537525093848,0.006619686067104336,0.19588830646407707,7.644494129342985,7.192540346302462
uniform,3,7,0.13045342284440994,0.13568512364228566,0.0030035750836204813,0.0003586804270744315,0.19809314163177116,7.6655124310555385,7.369950391068264
uniform,3,8,0.12323073434829712,0.13199811499913533,0.003428339585807551,0.007222688496112822,0.24249154310413523,8.11479287610804,7.575808368158761
uniform,3,9,0.12169855552911758,0.12684497334361075,0.003946915601775565,0.0015321788191795388,0.2519099598582285,8.216956879195356,7.883577015812068
uniform,3,10,0.11891541194915772,0.12358796102603277,0.0025212079004761625,0.0027831435799598597,0.26901814970814286,8.409268187704372,8.091337540974717
uniform,3,11,0.11689647191762924,0.12144995819926262,0.0028221667108396177,0.002018940031528485,0.2814287237093158,8.554504931506484,8.23377612516911
uniform,3,12,0.11257839131355285,0.11841816181341808,0.0022256612515915456,0.004318080604076388,0.30797228520348674,8.882620418641535,8.444579278272597
uniform,3,13,0.1124608936905861,0.1158351104736328,0.0023759129691008204,0.0001174976229667557,0.30869455179982885,8.891900777976208,8.63288654903192
uniform,3,14,0.11082924580574036,0.11418472114006681,0.0031690354485718565,0.0016316478848457383,0.3187244122724081,9.02280774286802,8.757662429379783
uniform,3,15,0.1091926143169403,0.11243344630002973,0.002815341131491321,0.0016366314888000555,0.3287849073278386,9.15804469204075,8.894071460373578
uniform,3,16,0.10794838231801987,0.11000244404276212,0.001041869286954561,0.001244231998920431,0.3364332936375295,9.263600944505553,9.090624468187247
uniform,3,17,0.10671508449316025,0.10867489841183027,0.0011107693690939557,0.0012332978248596194,0.3440144667689168,9.370658647657683,9.20167226233063
uniform,3,18,0.10411798119544984,0.10807625699241957,0.0023305100001929603,0.0025971032977104153,0.3599790532160555,9.604396705753606,9.252640452099362
uniform,3,19,0.10262594628334046,0.10624601630369823,0.001784413001550602,0.0014920349121093773,0.36915070239824954,9.74402957717481,9.412029013046196
uniform,3,20,0.10064116734266282,0.10468878695368769,0.0023227673647005552,0.0019847789406776395,0.381351285642221,9.93619301336423,9.552030136830602
uniform,3,21,0.09873758774995804,0.10328961789210636,0.0027530468443581852,0.0019035795927047766,0.3930527304763699,10.12775271338054,9.681421414717102
uniform,3,22,0.09642131918668748,0.10060447119077047,0.0018393975202276504,0.0023162685632705654,0.40729100499772697,10.371042808707559,9.939817270014832
uniform,3,23,0.09515294170379639,0.09885518142382305,0.0016558402399002347,0.0012683774828910893,0.4150878153868519,10.509286132495578,10.115705316521694
uniform,3,24,0.09441613227128982,0.09753863460818926,0.00280873814012156,0.0007368094325065633,0.419617037574775,10.591298167441568,10.252242629541712
uniform,3,25,0.0931323059797287,0.09660994663834573,0.004020572387543722,0.0012838262915611243,0.4275088129357343,10.737297355445097,10.350793929630033
uniform,3,26,0.0922346715927124,0.09644377602934837,0.0037313839737829696,0.0008976343870163023,0.4330266380380625,10.841792364408942,10.368627946169918
uniform,3,27,0.09220929718017579,0.09486304005980492,0.0032991932171852444,2.5374412536610658e-05,0.4331826164324696,10.844775806828103,10.54140219380887
uniform,3,28,0.08997565144300461,0.09277273595730463,0.001206599437857005,0.0022336457371711776,0.44691300231846387,11.113994397018057,10.778912692059848
uniform,3,29,0.08875090229511261,0.09173624098300935,0.0017830109500092215,0.0012247491478920014,0.454441626098973,11.267364125614556,10.900698443560232
uniform,3,30,0.086281269967556,0.09001861786246297,0.0018066448593345931,0.0024696323275566062,0.46962263904546764,11.58986661310628,11.108689680596692
uniform,3,31,0.08561484986543655,0.08799561300476391,0.002053072293152333,0.0006664201021194527,0.47371917280281817,11.680080283869305,11.364073750723366
uniform,3,32,0.08255066776275635,0.08654133004546166,0.001817020265520298,0.0030641821026801963,0.49255492728017736,12.113625649258603,11.55503901356352
uniform,3,33,0.08221552920341492,0.08540195895234744,0.0023052253329250167,0.000335138559341433,0.49461504884218566,12.163004321501623,11.709196171504704
uniform,3,34,0.08195520654320718,0.08392936993837356,0.002252597320218536,0.000260322660207743,0.4962152715274748,12.201638438118797,11.914638297606178
uniform,3,35,0.08061517119407655,0.08280609314938386,0.0012303410931188597,0.0013400353491306305,0.5044525681310708,12.404459120150786,12.076260160418885
uniform,3,36,0.08020847180485725,0.08198194041351478,0.0015254261446630104,0.00040669938921929216,0.5069525794178431,12.467355506752543,12.197659597912535
uniform,3,37,0.07845262694358826,0.08098468123277028,0.0016889278957370863,0.001755844861268993,0.5177458879089629,12.74638329619924,12.347861804431634
uniform,3,38,0.0782673738002777,0.0796716091831525,0.0010283232539067273,0.0001852531433105542,0.5188846527103449,12.776552666748415,12.551365020582997
uniform,3,39,0.07606592187285424,0.07868958580990634,0.0010592355454950237,0.0022014519274234645,0.5324171408618774,13.146318733279344,12.708000451486157
uniform,3,40,0.07573899605870246,0.07841993040541807,0.0023596929428063174,0.00032692581415177946,0.5344267780705431,13.203063797692142,12.751697727000066
uniform,3,41,0.07352113139629364,0.07705919671257339,0.0025663787083573335,0.002217864662408822,0.5480601565204086,13.601346710283368,12.976867989708062
uniform,3,42,0.07344734045863152,0.07616680615444978,0.0015419354501204285,7.379093766211875e-05,0.548513754883,13.615011499997502,13.128906430260619
uniform,3,43,0.07146524354815484,0.0742783664325873,0.00111974631095004,0.001982096910476683,0.560697851488556,13.992620156762369,13.462688873464696
uniform,3,44,0.07100048279762268,0.07379633817076683,0.0014765363047627151,0.0004647607505321588,0.563554770266353,14.084212900881594,13.55062424725947
uniform,3,45,0.07100048279762268,0.07303465661605199,0.0018760690788868083,0.0,0.563554770266353,14.084212900881594,13.691942351624139
uniform,3,46,0.07038304069638253,0.07223715257147947,0.0018017479269207843,0.000617442101240151,0.5673502326224487,14.207766279201362,13.843100417199935
uniform,3,47,0.06926344403624535,0.07162769974867503,0.0025375929711723725,0.0011195966601371815,0.5742324762676843,14.437421882383271,13.960884443089416
uniform,3,48,0.0683625770509243,0.0709569589157899,0.002322646851637227,0.0009008669853210471,0.5797701723913655,14.627672265526657,14.092851813659978
uniform,3,49,0.06755207678675651,0.06958984868625799,0.0015356932155484676,0.0008105002641677905,0.5847523775828736,14.803174741495205,14.369705483954942
uniform,3,50,0.06733744049072266,0.06874201274514198,0.0012169107400449208,0.00021463629603385437,0.5860717628016853,14.850358765551928,14.546932990955787
uniform,3,51,0.06662421977519989,0.06795089159210523,0.0009542030827872662,0.0007132207155227666,0.5904559833981057,15.009331351912975,14.71629378623776
uniform,4,0,0.1687708786725998,0.19455655697981517,0.011130881229640443,0.0,0.0,5.925157720972567,5.139867171048757
uniform,4,1,0.1610279256105423,0.18359016802708308,0.012213014682803287,0.007742953062057495,0.04587848995606714,6.210064410530549,5.446885112972764
uniform,4,2,0.1598450894355774,0.170422764869531,0.008077390659031534,0.0011828361749648963,0.05288702237746601,6.256017920307202,5.867726257341846
uniform,4,3,0.15432034289836882,0.16339921759366985,0.004401742363294508,0.00552474653720858,0.08562221093997913,6.479985083194672,6.1199428906925775
uniform,4,4,0.14840219652652742,0.1590650822798411,0.005327431432924722,0.005918146371841404,0.12068836938146044,6.738399329702091,6.286695351185706
uniform,4,5,0.136387036383152,0.15375337786873178,0.005710867651081372,0.01201516014337542,0.1918805100983655,7.332021389256763,6.503879849546481
uniform,4,6,0.136387036383152,0.14859833028713865,0.005123845411440388,0.0,0.1918805100983655,7.332021389256763,6.729505429585038
uniform,4,7,0.13549600273370743,0.14154930182695388,0.00455979659895096,0.000891033649444567,0.19716005628816213,7.380237051924332,7.064626405548087
uniform,4,8,0.13485820907354354,0.13619047902226447,0.00088241339872566,0.0006377936601638934,0.2009391067095394,7.415140626063321,7.34260327576383
