generation,best_fitness,avg_fitness,diversity,inv_best_fitness,normalized_fitness,label,run
0,0.17419431471824645,0.2071359772950411,0.016153103455540635,5.740682529937488,0.0,boltzmann_temp0.1_0,0
1,0.17089328801631928,0.20312356605529786,0.019589748138401284,5.851570649947683,0.018950255106008895,boltzmann_temp0.1_0,0
2,0.16512977683544158,0.19158876264691355,0.019312052456909402,6.055806307969676,0.0520369329932866,boltzmann_temp0.1_0,0
3,0.16512977683544158,0.18593643025159837,0.015500930566649269,6.055806307969676,0.0520369329932866,boltzmann_temp0.1_0,0
4,0.16252779161930084,0.18100790376365183,0.013420260382478424,6.152756013484362,0.06697418981679071,boltzmann_temp0.1_0,0
5,0.15679656302928924,0.1784236954689026,0.015994251504897552,6.377650141241057,0.09987554253476927,boltzmann_temp0.1_0,0
6,0.15205298471450807,0.1731727479428053,0.016318147038852895,6.576611601975243,0.12710707602341242,boltzmann_temp0.1_0,0
7,0.13921145349740982,0.1668215406253934,0.015529244798005557,7.183265396716867,0.20082665313974368,boltzmann_temp0.1_0,0
8,0.13921145349740982,0.16046879296153785,0.011291546207403894,7.183265396716867,0.20082665313974368,boltzmann_temp0.1_0,0
9,0.12862723779678345,0.1546333017677069,0.011658578921642638,7.774342688110795,0.26158762411486414,boltzmann_temp0.1_0,0
10,0.12862723779678345,0.15288469578921796,0.013214277343566542,7.774342688110795,0.26158762411486414,boltzmann_temp0.1_0,0
11,0.1282836988568306,0.14674125386029482,0.010536802187909054,7.795161924307346,0.2635597834273452,boltzmann_temp0.1_0,0
12,0.12326435095071793,0.14238617002367973,0.010772698310656992,8.112579831130361,0.29237443167939237,boltzmann_temp0.1_0,0
13,0.11225154584646226,0.1382253958508372,0.011389379404286505,8.90848392309773,0.3555958124808756,boltzmann_temp0.1_0,0
14,0.1011198651790619,0.13674795696437358,0.014707791142652155,9.889155895069024,0.41949962406855856,boltzmann_temp0.1_0,0
15,0.1009000740647316,0.13025429957062007,0.015939139898776485,9.91069727720108,0.4207613823221835,boltzmann_temp0.1_0,0
16,0.1009000740647316,0.1260453979074955,0.01636559668214801,9.91069727720108,0.4207613823221835,boltzmann_temp0.1_0,0
17,0.098339102268219,0.12540505623370407,0.020006471966631658,10.168791540124058,0.43546319277251244,boltzmann_temp0.1_0,0
18,0.09426572459936142,0.11383768478184939,0.013874312668633154,10.608197158117598,0.4588472950346679,boltzmann_temp0.1_0,0
19,0.09399273127317428,0.10883079265207052,0.010856374612456306,10.639007372669319,0.4604144720497657,boltzmann_temp0.1_0,0
20,0.09399273127317428,0.10788817254453897,0.011851188570480413,10.639007372669319,0.4604144720497657,boltzmann_temp0.1_0,0
21,0.08823377132415772,0.10189596567153929,0.009166667314793804,11.333400483650497,0.4934750226098198,boltzmann_temp0.1_0,0
22,0.08823377132415772,0.09786651188433171,0.006334881243040186,11.333400483650497,0.4934750226098198,boltzmann_temp0.1_0,0
23,0.08823377132415772,0.09726344946324825,0.006529780700608741,11.333400483650497,0.4934750226098198,boltzmann_temp0.1_0,0
24,0.08557310092449188,0.09575842005610466,0.007975959930857784,11.68577863157886,0.5087491743751594,boltzmann_temp0.1_0,0
25,0.0810248570740223,0.09420207476243378,0.006976040569334398,12.34173924363967,0.5348593482796651,boltzmann_temp0.1_0,0
26,0.0810248570740223,0.09393551771566272,0.007114608619673843,12.34173924363967,0.5348593482796651,boltzmann_temp0.1_0,0
27,0.0810248570740223,0.09265569393709301,0.006787181031790644,12.34173924363967,0.5348593482796651,boltzmann_temp0.1_0,0
28,0.08008251461386681,0.09159893614053727,0.006366515577889538,12.486964449820059,0.5402690682333827,boltzmann_temp0.1_0,0
29,0.08008251461386681,0.09039828979596495,0.006400235501608083,12.486964449820059,0.5402690682333827,boltzmann_temp0.1_0,0
30,0.07923113062977791,0.08752870484218,0.006018243412721445,12.621142357923274,0.5451566214550019,boltzmann_temp0.1_0,0
31,0.07900369235873222,0.08562683775052429,0.005568826015888184,12.65747603268114,0.5464622798596035,boltzmann_temp0.1_0,0
32,0.07900369235873222,0.08611558174192906,0.0059664844427769126,12.65747603268114,0.5464622798596035,boltzmann_temp0.1_0,0
33,0.07718465855717659,0.08600919249430299,0.006774184768754211,12.955774669710605,0.5569048353729557,boltzmann_temp0.1_0,0
34,0.0770571245253086,0.08526025706604123,0.006859465829890606,12.977216953568144,0.5576369719646364,boltzmann_temp0.1_0,0
35,0.0770571245253086,0.08528363177329303,0.0063013674609443075,12.977216953568144,0.5576369719646364,boltzmann_temp0.1_0,0
36,0.07600613281130791,0.08619106923788786,0.008300174775971475,13.156659947725664,0.5636704163723981,boltzmann_temp0.1_0,0
37,0.07600613281130791,0.08668884252309798,0.008981133785225703,13.156659947725664,0.5636704163723981,boltzmann_temp0.1_0,0
38,0.07485393813252449,0.08452472749724985,0.006926366039808793,13.359172086009645,0.5702848382072729,boltzmann_temp0.1_0,0
39,0.07434701076149941,0.08462614890709519,0.008479630643566296,13.450258988204737,0.5731949640161722,boltzmann_temp0.1_0,0
40,0.07434701076149941,0.08326602307558059,0.00720539224403292,13.450258988204737,0.5731949640161722,boltzmann_temp0.1_0,0
41,0.07111885789036751,0.08399456785097718,0.008084940676244847,14.060770502965815,0.5917268711932424,boltzmann_temp0.1_0,0
42,0.07111885789036751,0.08523581080660224,0.009038924174399129,14.060770502965815,0.5917268711932424,boltzmann_temp0.1_0,0
43,0.06965122818946838,0.08359392585083843,0.00948122344214841,14.357042495177533,0.6001521157442655,boltzmann_temp0.1_0,0
44,0.06768984651565552,0.08170595964714886,0.010099724584749744,14.773046157263233,0.6114118498922217,boltzmann_temp0.1_0,0
45,0.06768984651565552,0.07801502291783691,0.008355258828605687,14.773046157263233,0.6114118498922217,boltzmann_temp0.1_0,0
46,0.06768984651565552,0.0789118224568665,0.009055808643331232,14.773046157263233,0.6114118498922217,boltzmann_temp0.1_0,0
47,0.06768984651565552,0.07806379672139883,0.009222182177973855,14.773046157263233,0.6114118498922217,boltzmann_temp0.1_0,0
48,0.06768984651565552,0.07514582660719753,0.006252006592437279,14.773046157263233,0.6114118498922217,boltzmann_temp0.1_0,0
49,0.06768984651565552,0.07433915966823697,0.00651105371349411,14.773046157263233,0.6114118498922217,boltzmann_temp0.1_0,0
50,0.06745364117622375,0.07288668836578727,0.005136702837400165,14.824776806499084,0.6127678375420702,boltzmann_temp0.1_0,0
51,0.06507277584075928,0.0730924841813743,0.005971191484119929,15.367173443985788,0.6264357080424103,boltzmann_temp0.1_0,0
52,0.06507277584075928,0.07469609120860696,0.006540724765110879,15.367173443985788,0.6264357080424103,boltzmann_temp0.1_0,0
53,0.06507277584075928,0.07516000448539853,0.006888773777413765,15.367173443985788,0.6264357080424103,boltzmann_temp0.1_0,0
54,0.0649661023914814,0.07568988754972815,0.008055499750811957,15.392405743666378,0.6270480899645783,boltzmann_temp0.1_0,0
55,0.06475070786476135,0.07575949454456568,0.008067954480609171,15.443608098933431,0.6282846086596254,boltzmann_temp0.1_0,0
56,0.06475070786476135,0.07496807321235538,0.00856386946804339,15.443608098933431,0.6282846086596254,boltzmann_temp0.1_0,0
57,0.06392801117897035,0.07333434558212756,0.008606384955338137,15.642350500314842,0.6330074762636668,boltzmann_temp0.1_0,0
58,0.0635768081843853,0.07453547390401363,0.009849934779562964,15.728758643265087,0.6350236327332572,boltzmann_temp0.1_0,0
59,0.061131060004234315,0.07158707753047347,0.008450698769866096,16.358028830219936,0.6490639771848364,boltzmann_temp0.1_0,0
60,0.061131060004234315,0.06975604717954993,0.0086257202180221,16.358028830219936,0.6490639771848364,boltzmann_temp0.1_0,0
61,0.05911390218138695,0.0696801342651248,0.007838575013930645,16.916208318024793,0.66064390633528,boltzmann_temp0.1_0,0
62,0.05911390218138695,0.06924126018583775,0.009019852170035437,16.916208318024793,0.66064390633528,boltzmann_temp0.1_0,0
63,0.05911390218138695,0.06779329507425427,0.00831212680156351,16.916208318024793,0.66064390633528,boltzmann_temp0.1_0,0
64,0.05911390218138695,0.06741720557659865,0.007121517155865913,16.916208318024793,0.66064390633528,boltzmann_temp0.1_0,0
65,0.05911390218138695,0.06736316953003407,0.006791391587169434,16.916208318024793,0.66064390633528,boltzmann_temp0.1_0,0
66,0.05855065712332726,0.06661081712245942,0.007573779583378031,17.078935919673487,0.6638773359622498,boltzmann_temp0.1_0,0
67,0.05840641811490059,0.06567334095016122,0.008193148247624625,17.12111290440495,0.6647053710715471,boltzmann_temp0.1_0,0
68,0.05820745980739593,0.06323756214007734,0.005924014122551574,17.17963339536671,0.6658475341084205,boltzmann_temp0.1_0,0
69,0.0576311868429184,0.06279102492183446,0.005284296964552402,17.35141515149491,0.6691557532395076,boltzmann_temp0.1_0,0
70,0.0576311868429184,0.0617137605190277,0.0044063814866179,17.35141515149491,0.6691557532395076,boltzmann_temp0.1_0,0
71,0.05630536007881165,0.061025789383798844,0.004049629755649695,17.759983039221616,0.6767669474753886,boltzmann_temp0.1_0,0
72,0.05630536007881165,0.062243379722535616,0.0048521309041396395,17.759983039221616,0.6767669474753886,boltzmann_temp0.1_0,0
73,0.056144288212060925,0.06262055877968668,0.005586302553348595,17.810933594694482,0.6776916152351329,boltzmann_temp0.1_0,0
74,0.056144288212060925,0.06172016873657704,0.005356029199793568,17.810933594694482,0.6776916152351329,boltzmann_temp0.1_0,0
75,0.056144288212060925,0.060842978579550976,0.004395066811920964,17.810933594694482,0.6776916152351329,boltzmann_temp0.1_0,0
76,0.05541793847084046,0.06028938380777835,0.003824574069162108,18.044373053557596,0.6818613824424917,boltzmann_temp0.1_0,0
77,0.05541793847084046,0.060101867488771686,0.003991059255199419,18.044373053557596,0.6818613824424917,boltzmann_temp0.1_0,0
78,0.05541793847084046,0.06095618223249912,0.0048450741029986205,18.044373053557596,0.6818613824424917,boltzmann_temp0.1_0,0
79,0.05520935073494911,0.06014104476124048,0.003720784085012261,18.112545685513687,0.6830588252880215,boltzmann_temp0.1_0,0
80,0.05481780445575714,0.06011026170477272,0.0037466938262761353,18.241915523843183,0.6853065810762933,boltzmann_temp0.1_0,0
81,0.05481780445575714,0.06052486019060015,0.004588186963905448,18.241915523843183,0.6853065810762933,boltzmann_temp0.1_0,0
82,0.05481780445575714,0.059854798965901145,0.004499092099500568,18.241915523843183,0.6853065810762933,boltzmann_temp0.1_0,0
83,0.053470861941576006,0.0585921231687069,0.004043511266656918,18.701424706186813,0.6930389948256155,boltzmann_temp0.1_0,0
84,0.053470861941576006,0.0586496486082673,0.004503803448740268,18.701424706186813,0.6930389948256155,boltzmann_temp0.1_0,0
85,0.053470861941576006,0.05904910135269166,0.004691768905847264,18.701424706186813,0.6930389948256155,boltzmann_temp0.1_0,0
86,0.053470861941576006,0.05863072209358215,0.0038243239232825968,18.701424706186813,0.6930389948256155,boltzmann_temp0.1_0,0
87,0.053470861941576006,0.058754568027704956,0.0043840341088893595,18.701424706186813,0.6930389948256155,boltzmann_temp0.1_0,0
88,0.05272842246294022,0.05953382914885878,0.006372698192058127,18.96474403266657,0.697301128637713,boltzmann_temp0.1_0,0
89,0.05253255578875542,0.060399302075058225,0.00706391886234406,19.035452388205666,0.6984255434873113,boltzmann_temp0.1_0,0
90,0.05253255578875542,0.05849407911971212,0.00579610223081119,19.035452388205666,0.6984255434873113,boltzmann_temp0.1_0,0
91,0.05253255578875542,0.057821579390764245,0.005439503851672626,19.035452388205666,0.6984255434873113,boltzmann_temp0.1_0,0
92,0.05253255578875542,0.056597803086787454,0.0037356226255262095,19.035452388205666,0.6984255434873113,boltzmann_temp0.1_0,0
0,0.18476964366436005,0.2167357022613287,0.021737741931205905,5.412115150805677,0.0,boltzmann_temp0.1_0,1
1,0.18427315294742586,0.20839623087644576,0.01713314978219375,5.4266970381098645,0.002687079474137488,boltzmann_temp0.1_0,1
2,0.18156925356388093,0.20276516987979415,0.017194649696445134,5.507510070465233,0.017320973494394654,boltzmann_temp0.1_0,1
3,0.16138920652866362,0.1950340420693159,0.016402143859849515,6.196162837318109,0.12653830289442858,boltzmann_temp0.1_0,1
4,0.15747929322719573,0.19452882449030878,0.0169418288827201,6.350000876346521,0.1476993184374924,boltzmann_temp0.1_0,1
5,0.15747929322719573,0.188202684161067,0.01884110002982716,6.350000876346521,0.1476993184374924,boltzmann_temp0.1_0,1
6,0.14551496565341948,0.17876228732168675,0.019622728956244753,6.872098161254246,0.21245198741762983,boltzmann_temp0.1_0,1
7,0.14551496565341948,0.16996595750749113,0.014155178303270524,6.872098161254246,0.21245198741762983,boltzmann_temp0.1_0,1
8,0.14551496565341948,0.16528432022333145,0.012687005703641641,6.872098161254246,0.21245198741762983,boltzmann_temp0.1_0,1
9,0.14238563030958176,0.16179239094406367,0.013155836520148503,7.023131299798068,0.22938840230579327,boltzmann_temp0.1_0,1
10,0.14238563030958176,0.15927790400385855,0.015225371273791671,7.023131299798068,0.22938840230579327,boltzmann_temp0.1_0,1
11,0.14238563030958176,0.15667194895446301,0.014275158910854473,7.023131299798068,0.22938840230579327,boltzmann_temp0.1_0,1
12,0.12732349628210068,0.1520625368118286,0.009989777118098968,7.85394821263927,0.31090684726660034,boltzmann_temp0.1_0,1
13,0.12688385915756226,0.14943241129219534,0.00864932426399935,7.881160972549345,0.313286226886648,boltzmann_temp0.1_0,1
14,0.12631315690279007,0.14484879850298166,0.009919673180868952,7.916768987102439,0.3163749499228241,boltzmann_temp0.1_0,1
15,0.12614587926864623,0.14470048519521952,0.013583108374645918,7.927267054069325,0.3172802806407191,boltzmann_temp0.1_0,1
16,0.12547983694076537,0.1420306277483702,0.012328129329778417,7.96934435870922,0.320884997923666,boltzmann_temp0.1_0,1
17,0.12032905960083008,0.13935790272951126,0.011643325731803583,8.310475398394148,0.3487617488757425,boltzmann_temp0.1_0,1
18,0.11872658962011337,0.1369153873935342,0.012950412509894751,8.422642144085037,0.3574345478752776,boltzmann_temp0.1_0,1
19,0.11872658962011337,0.1335977251559496,0.012370926066654377,8.422642144085037,0.3574345478752776,boltzmann_temp0.1_0,1
20,0.11872658962011337,0.13552153967171907,0.013432938194391132,8.422642144085037,0.3574345478752776,boltzmann_temp0.1_0,1
21,0.11872658962011337,0.1336622406333685,0.013199204556540802,8.422642144085037,0.3574345478752776,boltzmann_temp0.1_0,1
22,0.11548399633169174,0.13101207741349935,0.012170931259678766,8.659133495816521,0.3749839311187281,boltzmann_temp0.1_0,1
23,0.11548399633169174,0.13003386099487543,0.010847354226894762,8.659133495816521,0.3749839311187281,boltzmann_temp0.1_0,1
24,0.11547302007675171,0.12757913064509632,0.007649474164675348,8.659956580149661,0.37504333619589514,boltzmann_temp0.1_0,1
25,0.1142298988699913,0.12506833611726761,0.007976420791719339,8.75419881916645,0.3817712877257394,boltzmann_temp0.1_0,1
26,0.11151603323221207,0.12410110786259176,0.00659333574266818,8.967239990304428,0.3964591205534579,boltzmann_temp0.1_0,1
27,0.11151603323221207,0.12348733972162007,0.006971030270690335,8.967239990304428,0.3964591205534579,boltzmann_temp0.1_0,1
28,0.11151603323221207,0.12327732399255038,0.007112821157942725,8.967239990304428,0.3964591205534579,boltzmann_temp0.1_0,1
29,0.11151603323221207,0.12187144198268651,0.007550473949810368,8.967239990304428,0.3964591205534579,boltzmann_temp0.1_0,1
30,0.11073751801252366,0.12061408234387636,0.00782086067600243,9.030281585373103,0.4006725573726716,boltzmann_temp0.1_0,1
31,0.10533093303442001,0.12043841117471459,0.00918629528459502,9.493797096396431,0.42993377621187057,boltzmann_temp0.1_0,1
32,0.10533093303442001,0.11822536094635724,0.00805643775847723,9.493797096396431,0.42993377621187057,boltzmann_temp0.1_0,1
33,0.10533093303442001,0.11776475485563279,0.009945390058781013,9.493797096396431,0.42993377621187057,boltzmann_temp0.1_0,1
34,0.10491373914480209,0.11518941385746002,0.007597561656141679,9.531549219407692,0.43219168980278355,boltzmann_temp0.1_0,1
35,0.10213684481382371,0.11497411554008723,0.007757497363606271,9.790690236540573,0.44722064302208353,boltzmann_temp0.1_0,1
36,0.09901255440711976,0.11396479514688254,0.0088329163489403,10.099627328681104,0.46412975398177847,boltzmann_temp0.1_0,1
37,0.09731202441453934,0.11223624764382838,0.009614483103977898,10.276116748156396,0.4733332679294996,boltzmann_temp0.1_0,1
38,0.09731202441453934,0.11100886265933511,0.008854234879851488,10.276116748156396,0.4733332679294996,boltzmann_temp0.1_0,1
39,0.09425598001480102,0.10901447760164737,0.010936473034913508,10.609293867074582,0.4898730216419098,boltzmann_temp0.1_0,1
40,0.09408706802129746,0.10634055491536856,0.008021286754655127,10.62834024579656,0.4907871977487297,boltzmann_temp0.1_0,1
41,0.09408706802129746,0.103630667629838,0.007293281576156542,10.62834024579656,0.4907871977487297,boltzmann_temp0.1_0,1
42,0.09408706802129746,0.10301632115989925,0.007221302237717462,10.62834024579656,0.4907871977487297,boltzmann_temp0.1_0,1
43,0.09010263848304749,0.10132474759519101,0.00578280755208857,11.098330953506883,0.5123515059285291,boltzmann_temp0.1_0,1
44,0.09010263848304749,0.10058331158608198,0.006271500137253438,11.098330953506883,0.5123515059285291,boltzmann_temp0.1_0,1
45,0.08887200671434403,0.09993841604590417,0.007687008169811162,11.25201044693136,0.5190118628156102,boltzmann_temp0.1_0,1
46,0.08887200671434403,0.09847076268047095,0.006896781910704866,11.25201044693136,0.5190118628156102,boltzmann_temp0.1_0,1
47,0.08702659064531326,0.09779845588505268,0.00751201796042046,11.490608812503687,0.5289995211367088,boltzmann_temp0.1_0,1
48,0.08702659064531326,0.09875870542675258,0.00858592420328625,11.490608812503687,0.5289995211367088,boltzmann_temp0.1_0,1
49,0.08702659064531326,0.09822024860829115,0.009172373699594432,11.490608812503687,0.5289995211367088,boltzmann_temp0.1_0,1
50,0.08702659064531326,0.09619415204375982,0.007869963845815904,11.490608812503687,0.5289995211367088,boltzmann_temp0.1_0,1
51,0.08650761872529983,0.09582894630134106,0.007378046674645123,11.559541866867718,0.53180827212914,boltzmann_temp0.1_0,1
52,0.08223023653030395,0.09586706689298154,0.007662962308632997,12.160828928207577,0.5549580824019026,boltzmann_temp0.1_0,1
53,0.08223023653030395,0.09556192146390677,0.007372874611483677,12.160828928207577,0.5549580824019026,boltzmann_temp0.1_0,1
54,0.08223023653030395,0.09501106793880462,0.007785144731886875,12.160828928207577,0.5549580824019026,boltzmann_temp0.1_0,1
55,0.08223023653030395,0.09370466115772724,0.007511293041233909,12.160828928207577,0.5549580824019026,boltzmann_temp0.1_0,1
56,0.07846923187375068,0.09278021424934269,0.007308028003651295,12.74368605930567,0.5753131828500327,boltzmann_temp0.1_0,1
57,0.07788202252984047,0.09332821269184352,0.009326412630421853,12.83976876496871,0.5784912446369401,boltzmann_temp0.1_0,1
58,0.07745995160937309,0.09023379428908229,0.008730691206616072,12.909730376705001,0.5807755534232584,boltzmann_temp0.1_0,1
59,0.07698861089348794,0.0893983658850193,0.008906861251582947,12.988765476207695,0.5833265174590032,boltzmann_temp0.1_0,1
60,0.07698861089348794,0.08879694983661175,0.010220913563342678,12.988765476207695,0.5833265174590032,boltzmann_temp0.1_0,1
61,0.07698861089348794,0.08770998498648405,0.010210205778442076,12.988765476207695,0.5833265174590032,boltzmann_temp0.1_0,1
62,0.07693413710594177,0.0887666169129312,0.011203991281306079,12.997962148595029,0.5836213374655034,boltzmann_temp0.1_0,1
63,0.07651442244648933,0.0874540957890451,0.009894282007885736,13.069260653946529,0.5858928938268657,boltzmann_temp0.1_0,1
64,0.07546856737136841,0.08630319603011012,0.009905495823665188,13.250374088925536,0.5915532125587715,boltzmann_temp0.1_0,1
65,0.07546856737136841,0.08509017246067524,0.009181608553357775,13.250374088925536,0.5915532125587715,boltzmann_temp0.1_0,1
66,0.07546856737136841,0.08414040484204888,0.008809532206672613,13.250374088925536,0.5915532125587715,boltzmann_temp0.1_0,1
67,0.07531811475753784,0.08314060791805386,0.008596317677054672,13.276842183011999,0.5923674838364921,boltzmann_temp0.1_0,1
68,0.07506967422366143,0.08195714538544416,0.007197337335388489,13.320780855393082,0.5937120798910676,boltzmann_temp0.1_0,1
69,0.07486379984021187,0.0814412035509944,0.006523551015468028,13.357412323740341,0.594826301791195,boltzmann_temp0.1_0,1
70,0.07486379984021187,0.08099626401215791,0.005415378448275442,13.357412323740341,0.594826301791195,boltzmann_temp0.1_0,1
71,0.07444300439953805,0.08133787727877498,0.006412724520964144,13.432915223542238,0.5971037074966377,boltzmann_temp0.1_0,1
72,0.07444300439953805,0.08163529702797531,0.007409677372687425,13.432915223542238,0.5971037074966377,boltzmann_temp0.1_0,1
73,0.07444300439953805,0.0808057876445353,0.006283173837183234,13.432915223542238,0.5971037074966377,boltzmann_temp0.1_0,1
74,0.07368328690528869,0.08026951429769398,0.007921109634820555,13.571414503683348,0.601215408310595,boltzmann_temp0.1_0,1
75,0.07368328690528869,0.08197540331706404,0.0077262099642368695,13.571414503683348,0.601215408310595,boltzmann_temp0.1_0,1
76,0.07368328690528869,0.08210969277471304,0.007475043485786054,13.571414503683348,0.601215408310595,boltzmann_temp0.1_0,1
77,0.07290679264068603,0.08020633273646235,0.007868851230663271,13.715954958728956,0.6054179074289738,boltzmann_temp0.1_0,1
78,0.07290679264068603,0.07852947571501137,0.005497211459588156,13.715954958728956,0.6054179074289738,boltzmann_temp0.1_0,1
79,0.07235214710235596,0.07850691088214516,0.005085780959858479,13.821098874736272,0.6084197291965019,boltzmann_temp0.1_0,1
80,0.07235214710235596,0.0790528021864593,0.00516105011602149,13.821098874736272,0.6084197291965019,boltzmann_temp0.1_0,1
81,0.07197644016146659,0.0771056585751474,0.004595799210222241,13.893242073581744,0.61045310942844,boltzmann_temp0.1_0,1
82,0.07197644016146659,0.07780107761323451,0.005146545377792227,13.893242073581744,0.61045310942844,boltzmann_temp0.1_0,1
83,0.07018296816945076,0.07606336633786559,0.0049469485532077345,14.248268174088135,0.6201596389018298,boltzmann_temp0.1_0,1
84,0.07018296816945076,0.07675266806483269,0.006456608936785501,14.248268174088135,0.6201596389018298,boltzmann_temp0.1_0,1
85,0.0668672893345356,0.07582778764516115,0.00562294694119918,14.954771685530886,0.6381045716795224,boltzmann_temp0.1_0,1
86,0.0668672893345356,0.07791775143444538,0.007702308695491177,14.954771685530886,0.6381045716795224,boltzmann_temp0.1_0,1
87,0.0668672893345356,0.07857266730368137,0.007975768483887565,14.954771685530886,0.6381045716795224,boltzmann_temp0.1_0,1
88,0.0668672893345356,0.07727275032624603,0.008619993363624474,14.954771685530886,0.6381045716795224,boltzmann_temp0.1_0,1
89,0.0668672893345356,0.07725643066689372,0.00904621367211966,14.954771685530886,0.6381045716795224,boltzmann_temp0.1_0,1
90,0.0668672893345356,0.0750329836063087,0.005647518098180296,14.954771685530886,0.6381045716795224,boltzmann_temp0.1_0,1
91,0.0668672893345356,0.07495045299381017,0.004938869042505729,14.954771685530886,0.6381045716795224,boltzmann_temp0.1_0,1
92,0.0668672893345356,0.07456603738218545,0.004963948191831799,14.954771685530886,0.6381045716795224,boltzmann_temp0.1_0,1
93,0.0668672893345356,0.0757466030523181,0.006608362667209998,14.954771685530886,0.6381045716795224,boltzmann_temp0.1_0,1
94,0.0668672893345356,0.07614423334896565,0.007274866843664869,14.954771685530886,0.6381045716795224,boltzmann_temp0.1_0,1
0,0.1653980417251587,0.2058451047748327,0.0186227188816902,6.045984242530777,0.0,boltzmann_temp0.1_0,2
1,0.1653980417251587,0.1999179575681686,0.019438682556350402,6.045984242530777,0.0,boltzmann_temp0.1_0,2
2,0.15967761588096618,0.1905198010504246,0.020005591572619955,6.262579334639641,0.034585813619837924,boltzmann_temp0.1_0,2
3,0.15474528229236603,0.17799173286855222,0.015992506920063477,6.462190788601143,0.06440680507266416,boltzmann_temp0.1_0,2
4,0.15000080025196075,0.17094200514256955,0.014554005246321115,6.666586656428668,0.09309204215841627,boltzmann_temp0.1_0,2
5,0.14403756558895112,0.17061647188663484,0.018151632888874208,6.942585104976273,0.12914588294643903,boltzmann_temp0.1_0,2
6,0.13834836155176164,0.16140507864505052,0.013780638881042143,7.22807816952493,0.16354292887182675,boltzmann_temp0.1_0,2
7,0.13834836155176164,0.1584029162093997,0.014705125685767614,7.22807816952493,0.16354292887182675,boltzmann_temp0.1_0,2
8,0.1375385107398033,0.15479290657937525,0.013161772566487654,7.270638048813449,0.16843930372313287,boltzmann_temp0.1_0,2
9,0.1337596930861473,0.15073698487579823,0.011646637051530071,7.476037817447309,0.1912861138439882,boltzmann_temp0.1_0,2
10,0.13194762420654296,0.14868987288326024,0.010526686036377547,7.578707288638882,0.20224191997508756,boltzmann_temp0.1_0,2
11,0.13194762420654296,0.14491676001995804,0.008113615546889198,7.578707288638882,0.20224191997508756,boltzmann_temp0.1_0,2
12,0.13194762420654296,0.14307012622356416,0.008804931769376452,7.578707288638882,0.20224191997508756,boltzmann_temp0.1_0,2
13,0.12959453731775283,0.1414528098002076,0.0090923782729884,7.716315088444126,0.2164687322411013,boltzmann_temp0.1_0,2
14,0.12502305030822755,0.14139981861412526,0.010080003576760333,7.998461076366138,0.24410803777243095,boltzmann_temp0.1_0,2
15,0.12502305030822755,0.13869231021255254,0.00927787458092037,7.998461076366138,0.24410803777243095,boltzmann_temp0.1_0,2
16,0.12263975578546524,0.1374590399876237,0.010167512208705928,8.153896260630473,0.2585174860216589,boltzmann_temp0.1_0,2
17,0.12038395589590073,0.13446630937755108,0.00887277598874974,8.306685769480366,0.27215609906710814,boltzmann_temp0.1_0,2
18,0.11627817326784134,0.13254200056046245,0.010093393635640413,8.599992345117268,0.2969797462229913,boltzmann_temp0.1_0,2
19,0.11448956090211869,0.12766645059287546,0.009721931734528065,8.734344491987676,0.3077937337833446,boltzmann_temp0.1_0,2
20,0.11083707857131958,0.1236147087812424,0.008317566821830923,9.022170114186368,0.3298767179148522,boltzmann_temp0.1_0,2
21,0.11083707857131958,0.12400273033082483,0.009647105495226831,9.022170114186368,0.3298767179148522,boltzmann_temp0.1_0,2
22,0.10447897607088089,0.12089187871962785,0.007875953805699968,9.571211993019448,0.36831793785991007,boltzmann_temp0.1_0,2
23,0.10210147303342819,0.1196385419458151,0.008978887521306926,9.794082065696896,0.38269237066851236,boltzmann_temp0.1_0,2
24,0.10210147303342819,0.11760761048197746,0.009282253183399761,9.794082065696896,0.38269237066851236,boltzmann_temp0.1_0,2
25,0.10118274176120759,0.1157019590869546,0.008632916296843126,9.883010675371029,0.38824703904691593,boltzmann_temp0.1_0,2
26,0.10049735671281815,0.11499482416212561,0.010740339998550225,9.95041145655324,0.39239089130321014,boltzmann_temp0.1_0,2
27,0.10014372825622558,0.11325942775160076,0.01280058893407205,9.985548090374234,0.39452893630606567,boltzmann_temp0.1_0,2
28,0.09988603293895722,0.10926130355894567,0.009526283189860731,10.011309482093818,0.3960869675534765,boltzmann_temp0.1_0,2
29,0.09988603293895722,0.1082468466117978,0.008257954264517788,10.011309482093818,0.3960869675534765,boltzmann_temp0.1_0,2
30,0.09818633908033371,0.10779310826659202,0.008799896570047233,10.18461249043354,0.40636335197069884,boltzmann_temp0.1_0,2
31,0.09759459215402604,0.10634785186797382,0.008697880413775314,10.246364389303496,0.4099410661935249,boltzmann_temp0.1_0,2
32,0.09613255763053893,0.10317231638878584,0.0063273961764388365,10.402194869799846,0.418780557327988,boltzmann_temp0.1_0,2
33,0.08842547625303268,0.10222413506209851,0.0064817542593047835,11.308830141987071,0.4653777316180747,boltzmann_temp0.1_0,2
34,0.0853866748213768,0.10226540267616513,0.008867421005306415,11.711292081578618,0.4837503882708387,boltzmann_temp0.1_0,2
35,0.0853866748213768,0.10257531342804434,0.010270614420113847,11.711292081578618,0.4837503882708387,boltzmann_temp0.1_0,2
36,0.0853866748213768,0.10124128551632165,0.010035965749697688,11.711292081578618,0.4837503882708387,boltzmann_temp0.1_0,2
37,0.0853866748213768,0.09830304169207811,0.008596421453872653,11.711292081578618,0.4837503882708387,boltzmann_temp0.1_0,2
38,0.0853866748213768,0.09708754721134902,0.00793341045373826,11.711292081578618,0.4837503882708387,boltzmann_temp0.1_0,2
39,0.0853866748213768,0.09433183596730232,0.007156456947132586,11.711292081578618,0.4837503882708387,boltzmann_temp0.1_0,2
40,0.0853866748213768,0.09311001793891191,0.006568546233652337,11.711292081578618,0.4837503882708387,boltzmann_temp0.1_0,2
41,0.08429375362396241,0.09199162653535604,0.006723064892609339,11.863134501359177,0.4903582125595355,boltzmann_temp0.1_0,2
42,0.08429375362396241,0.09259867743551731,0.007638064214561586,11.863134501359177,0.4903582125595355,boltzmann_temp0.1_0,2
43,0.08429375362396241,0.09326561469882727,0.007610147176270569,11.863134501359177,0.4903582125595355,boltzmann_temp0.1_0,2
44,0.08429375362396241,0.09297743321806193,0.007697417949172742,11.863134501359177,0.4903582125595355,boltzmann_temp0.1_0,2
45,0.0824145293533802,0.09343954838439823,0.009209449781656213,12.133635588412147,0.5017200415810962,boltzmann_temp0.1_0,2
46,0.08128931307792664,0.09174590866342187,0.008915137375992402,12.301588739624837,0.508523122583248,boltzmann_temp0.1_0,2
47,0.08071285918354988,0.08802646154388785,0.006292381170961086,12.389446002401133,0.5120083748169756,boltzmann_temp0.1_0,2
48,0.08071285918354988,0.08881476127132774,0.007441644423685418,12.389446002401133,0.5120083748169756,boltzmann_temp0.1_0,2
49,0.07847274085879326,0.08810632783323527,0.007734828771185281,12.74311622023237,0.5255521767954718,boltzmann_temp0.1_0,2
50,0.07847274085879326,0.08655760433971882,0.006663267600263635,12.74311622023237,0.5255521767954718,boltzmann_temp0.1_0,2
51,0.07636925259232522,0.08481764098033309,0.006142589688862451,13.094103607829293,0.5382699106001043,boltzmann_temp0.1_0,2
52,0.07636925259232522,0.08443039537966252,0.005115158551863086,13.094103607829293,0.5382699106001043,boltzmann_temp0.1_0,2
53,0.0744821752011776,0.08348212266415359,0.006670136193711383,13.42585083542719,0.5496792197519222,boltzmann_temp0.1_0,2
54,0.07434633359313012,0.08410819931328298,0.008206086638077465,13.450381495489202,0.5505005209392313,boltzmann_temp0.1_0,2
55,0.07374676963686944,0.08305702240318061,0.007437372682268391,13.559732110190629,0.5541254970877215,boltzmann_temp0.1_0,2
56,0.07262539672851563,0.08092782605290413,0.007920407344580622,13.769098358797766,0.560905341012459,boltzmann_temp0.1_0,2
57,0.07262539672851563,0.08204313471764327,0.008612556778780141,13.769098358797766,0.560905341012459,boltzmann_temp0.1_0,2
58,0.07022773420810699,0.08159971736893057,0.008992868832421305,14.239185872789987,0.5754016584742633,boltzmann_temp0.1_0,2
59,0.06817065164446831,0.0779506035476923,0.0054201981397859035,14.668853927952963,0.5878388224345048,boltzmann_temp0.1_0,2
60,0.06817065164446831,0.07683220834881069,0.006403418335468413,14.668853927952963,0.5878388224345048,boltzmann_temp0.1_0,2
61,0.06817065164446831,0.07715846712291241,0.007397296026343434,14.668853927952963,0.5878388224345048,boltzmann_temp0.1_0,2
62,0.06817065164446831,0.07622869853973388,0.006102625847414739,14.668853927952963,0.5878388224345048,boltzmann_temp0.1_0,2
63,0.06817065164446831,0.07597910953015088,0.0052113525234398555,14.668853927952963,0.5878388224345048,boltzmann_temp0.1_0,2
64,0.06817065164446831,0.07587047740370036,0.006026084203572231,14.668853927952963,0.5878388224345048,boltzmann_temp0.1_0,2
65,0.06817065164446831,0.0747477692320943,0.005119415945811616,14.668853927952963,0.5878388224345048,boltzmann_temp0.1_0,2
66,0.06695290207862854,0.07463791910782457,0.005291367999331652,14.935649289351824,0.5952013616347167,boltzmann_temp0.1_0,2
67,0.06695290207862854,0.07409429097920656,0.006212028576597116,14.935649289351824,0.5952013616347167,boltzmann_temp0.1_0,2
68,0.06695290207862854,0.07305854794234037,0.0059720834818867115,14.935649289351824,0.5952013616347167,boltzmann_temp0.1_0,2
69,0.0655988485813141,0.07232570742443203,0.00669102462502586,15.243937625259194,0.6033879972392935,boltzmann_temp0.1_0,2
70,0.06420904672145844,0.07178372631371022,0.0056534583853866125,15.573886814597328,0.6117907681872414,boltzmann_temp0.1_0,2
71,0.06420904672145844,0.07211329589858652,0.007067136842377307,15.573886814597328,0.6117907681872414,boltzmann_temp0.1_0,2
72,0.06420904672145844,0.07515139111578464,0.009227682442953236,15.573886814597328,0.6117907681872414,boltzmann_temp0.1_0,2
73,0.06420904672145844,0.0727571051940322,0.007883289592494966,15.573886814597328,0.6117907681872414,boltzmann_temp0.1_0,2
74,0.06420904672145844,0.0714411918848753,0.00591283843312,15.573886814597328,0.6117907681872414,boltzmann_temp0.1_0,2
75,0.06420904672145844,0.0721322660215199,0.006712138566921972,15.573886814597328,0.6117907681872414,boltzmann_temp0.1_0,2
76,0.06299376770853997,0.07272708140388132,0.007292553544384633,15.87433427212136,0.6191383703731119,boltzmann_temp0.1_0,2
77,0.06299376770853997,0.07280256512016059,0.007203183407359563,15.87433427212136,0.6191383703731119,boltzmann_temp0.1_0,2
78,0.06253741934895515,0.07305131837055087,0.008609157849285972,15.990170688839248,0.6218974620456913,boltzmann_temp0.1_0,2
79,0.062293244153261186,0.07233306087106467,0.008119389691803487,16.052847475598572,0.6233737503568897,boltzmann_temp0.1_0,2
80,0.06169293302297592,0.07235239241346716,0.00828380503197824,16.209049269521888,0.6270032439350713,boltzmann_temp0.1_0,2
81,0.06169293302297592,0.07012675744891166,0.007422752748117716,16.209049269521888,0.6270032439350713,boltzmann_temp0.1_0,2
82,0.06169293302297592,0.06996706638634205,0.008334371932579946,16.209049269521888,0.6270032439350713,boltzmann_temp0.1_0,2
83,0.061090685993433,0.07039526813626289,0.008348617656489771,16.368839453988784,0.6306444420004249,boltzmann_temp0.1_0,2
84,0.061090685993433,0.0680220129519701,0.006457075631305344,16.368839453988784,0.6306444420004249,boltzmann_temp0.1_0,2
85,0.061090685993433,0.06758585745543241,0.0060413427543992895,16.368839453988784,0.6306444420004249,boltzmann_temp0.1_0,2
86,0.061090685993433,0.0674527231939137,0.00622926585639316,16.368839453988784,0.6306444420004249,boltzmann_temp0.1_0,2
87,0.060987388342618944,0.0677058277770877,0.005862175930548147,16.396563791491367,0.6312689817454946,boltzmann_temp0.1_0,2
88,0.060987388342618944,0.06780282723158598,0.0066924457870648985,16.396563791491367,0.6312689817454946,boltzmann_temp0.1_0,2
89,0.060987388342618944,0.06831234428435565,0.00708820807219423,16.396563791491367,0.6312689817454946,boltzmann_temp0.1_0,2
