generation,best_fitness,avg_fitness,diversity,normalized_fitness,inv_best_fitness,label,run
0,0.1771373838186264,0.1973690099388361,0.008243342642115568,0.0,5.645303849130232,traditional,0
1,0.168002698302269,0.18753362713456156,0.006804746385255977,0.05156836642518414,5.952249921313157,traditional,0
2,0.1623217830657959,0.17901936035752297,0.007084688277997045,0.08363904012492596,6.1605646546527,traditional,0
3,0.16147817838191986,0.16959846647381785,0.004726584731378019,0.08840147177932944,6.192748873386426,traditional,0
4,0.15572205424308777,0.16430539826452734,0.0043358536581505165,0.1208967249819276,6.4216567345190505,traditional,0
5,0.14667720127105713,0.15974044353663924,0.00484387365392422,0.17195795653591628,6.817645644236041,traditional,0
6,0.14012761157751083,0.15296916991323234,0.004560605463030683,0.20893258917615276,7.136301350184001,traditional,0
7,0.13618980926275254,0.1451157663360238,0.0039289810415914315,0.2311628052370961,7.342639385237097,traditional,0
8,0.13167247074842453,0.1414809743836522,0.004185932836694109,0.2566646977057879,7.594544248860889,traditional,0
9,0.1288186177611351,0.13646172122061254,0.0036794460595234693,0.27277565591103914,7.762792790258536,traditional,0
10,0.12727722835540772,0.1331393657192588,0.004048560605258402,0.28147731657971886,7.856803264165741,traditional,0
11,0.12397916799783706,0.13046702810376884,0.003983122676383007,0.30009597451895764,8.065806137780406,traditional,0
12,0.11940059423446656,0.12691907553076745,0.005208301250738662,0.3259435605263167,8.375097555534474,traditional,0
13,0.11579045528173447,0.12284205861985684,0.0038838519481809715,0.3463240069058825,8.636215837920686,traditional,0
14,0.11315355533361435,0.11955661819428205,0.003690058994356411,0.36121019236981644,8.83747010495241,traditional,0
15,0.10943878024816513,0.11595200299918654,0.00334373041305971,0.3821813448468838,9.137445248267172,traditional,0
16,0.10182463699579239,0.11281353884935381,0.004895430751150269,0.4251657397173024,9.820709494224149,traditional,0
17,0.10080690723657608,0.10834767836332322,0.0033864589396479586,0.4309111658790571,9.919856759382963,traditional,0
18,0.0982241443991661,0.1043666624367237,0.003234713452921379,0.44549172917818824,10.18069259268495,traditional,0
19,0.09576676315069199,0.10252185846418142,0.0040060748611066175,0.45936447131482416,10.441927085907658,traditional,0
20,0.09323489540815354,0.09906196761578322,0.00306096283747312,0.47365771471696716,10.72548287998261,traditional,0
21,0.09111345845460891,0.0963954514324665,0.003043502160229123,0.48563393852592207,10.975206536492522,traditional,0
22,0.09027181726694107,0.09476675504148006,0.0031357014958258303,0.4903852855850478,11.077531756242323,traditional,0
23,0.0854185585975647,0.09304542762935161,0.0034639613030281366,0.5177835601036875,11.706920714859674,traditional,0
24,0.08368610042333603,0.09061942007839681,0.003342407879171358,0.5275638681159281,11.949272886041483,traditional,0
25,0.08368610042333603,0.08823101197183132,0.0024654680996762175,0.5275638681159281,11.949272886041483,traditional,0
26,0.08242573136091233,0.08648153466135264,0.0024419516487069167,0.5346790746028559,12.13198659572483,traditional,0
27,0.07949546051025391,0.0856376892246306,0.0031445858260025785,0.5512214373017359,12.579176400828741,traditional,0
28,0.07883253505825996,0.08360927499234676,0.0028395888147376004,0.5549638740347562,12.684956969911028,traditional,0
29,0.07873195764422417,0.08149528665170074,0.0021037098326647575,0.5555316673027135,12.701161367756134,traditional,0
30,0.07746452978253365,0.08061052258238197,0.0025516848241026713,0.5626867230812738,12.908967418247393,traditional,0
31,0.07675518357753754,0.08021161760985851,0.0033252334509637264,0.5666912205493093,13.028266302347097,traditional,0
32,0.07613677072525024,0.07884593963772059,0.002534537585611708,0.5701823687132705,13.13408562497301,traditional,0
33,0.07543243929743768,0.07772592693269254,0.0016265170206702462,0.57415855608055,13.256720220020089,traditional,0
34,0.07334447929263115,0.07716073925346137,0.0023340791164228104,0.5859457912750385,13.634105464226856,traditional,0
35,0.07195637607574464,0.07574762638434768,0.0021905103426519278,0.5937820999466615,13.897115966921417,traditional,0
36,0.07079753097891808,0.07491174329295755,0.002847936589145936,0.6003241695642929,14.124586854743827,traditional,0
37,0.07079753097891808,0.07343021262213588,0.00206600011261064,0.6003241695642929,14.124586854743827,traditional,0
38,0.07010849949717522,0.07272600041106343,0.001991256800918253,0.6042139835995299,14.263402351635543,traditional,0
39,0.06899899962544441,0.07194088055938483,0.0022705960256882702,0.6104774828553778,14.492753701860028,traditional,0
40,0.06809085461497306,0.07101132157221438,0.00261394264599532,0.6156042663208106,14.686044397740709,traditional,0
41,0.06602582094073296,0.07067399963364004,0.0025602183750176003,0.6272620746824522,15.145360411909286,traditional,0
42,0.0658896088898182,0.06909369337260722,0.0020928487651289836,0.6280310374388077,15.176669586893526,traditional,0
43,0.06528958103060722,0.06862240972518921,0.0028326754713188956,0.6314183961446659,15.316144905054763,traditional,0
44,0.06459449645876884,0.06768335445299745,0.0018990768675167797,0.6353423819056281,15.480955404349244,traditional,0
45,0.06302132651209831,0.06676819133460521,0.001863939336855751,0.6442234543972559,15.867392642320675,traditional,0
46,0.06298106834292412,0.06595060131326318,0.0017492398630530098,0.6444507252776671,15.877535087530156,traditional,0
47,0.06239349010586739,0.06528891906663775,0.002611751839953149,0.6477678016868929,16.02705620806032,traditional,0
48,0.06239349010586739,0.0640531615756452,0.0014762110216773679,0.6477678016868929,16.02705620806032,traditional,0
49,0.061462292164564135,0.06409738260433077,0.002471080239814686,0.6530247266861733,16.26987368855157,traditional,0
50,0.0605818532705307,0.06267773168981075,0.00130220331088374,0.6579950998228508,16.506320617395378,traditional,0
51,0.06015308186411858,0.06232137342095375,0.0014448823463024784,0.6604156583586545,16.623975780378288,traditional,0
52,0.05923454508185387,0.06246762108355761,0.0027229497179868663,0.6656011068645735,16.88175568601864,traditional,0
53,0.05863851118087769,0.06191138086244463,0.00293933127274371,0.6689659183353496,17.05334815829944,traditional,0
54,0.058085674554109575,0.06053386395275593,0.0017119595745760492,0.6720868666910855,17.21565243106607,traditional,0
55,0.05776830360293389,0.06033908919095993,0.0030311156545544658,0.6738785322578563,17.310231171788153,traditional,0
56,0.055945939034223555,0.05900490088537336,0.001854916549986466,0.6841663920502099,17.874078855114583,traditional,0
57,0.055945939034223555,0.05886091606989503,0.0024431919901771984,0.6841663920502099,17.874078855114583,traditional,0
58,0.05536949154734612,0.057763794557005164,0.0019221700653119858,0.6874206316378717,18.060161144585855,traditional,0
59,0.05536949154734612,0.05702799366265535,0.0015784613491918258,0.6874206316378717,18.060161144585855,traditional,0
60,0.055154658675193785,0.05735082224383951,0.0027259676007966756,0.6886334353245983,18.130505990126977,traditional,0
61,0.054461447685956954,0.05714590060189366,0.0035199264201184253,0.6925468440827779,18.361275383108573,traditional,0
62,0.05413091644644737,0.05641356244906783,0.0021620565758220826,0.6944128038953492,18.47338992679667,traditional,0
63,0.05274337169528008,0.055827533955127004,0.002104883502297847,0.7022459598404998,18.95936889299388,traditional,0
64,0.05274337169528008,0.05537856960222125,0.00308157647520809,0.7022459598404998,18.95936889299388,traditional,0
65,0.05230240935087204,0.054163984113931654,0.0013063287922781535,0.7047353403140172,19.11921254103347,traditional,0
66,0.05202825745940208,0.05393874247893691,0.0014928232077525108,0.7062830197792997,19.21995524883841,traditional,0
67,0.05190381130576134,0.05361184783950449,0.001631139851473454,0.7069855600955108,19.266036709182714,traditional,0
68,0.05150015324354172,0.05328635509312154,0.0015808445476702324,0.709264345372327,19.41704092083415,traditional,0
69,0.05130379721522331,0.053091596708446744,0.0019787077428845908,0.7103728410725878,19.491354693499833,traditional,0
70,0.05069650377333164,0.05296529858075083,0.002319101272876421,0.713801216431871,19.72483703479754,traditional,0
71,0.0502592846006155,0.052981347086280585,0.002896505744314926,0.7162694654445347,19.89642533754681,traditional,0
72,0.0502592846006155,0.052047426944226025,0.0018676270375740116,0.7162694654445347,19.89642533754681,traditional,0
73,0.04968593120574952,0.051342638351768256,0.0014283060281704736,0.7195062378440472,20.12601655471701,traditional,0
74,0.04955178011953831,0.051221121641620994,0.0014743984191880493,0.7202635657627465,20.18050243775741,traditional,0
75,0.04924882221221924,0.05064128207080065,0.0012597680659033677,0.7219738648582175,20.304641825730137,traditional,0
76,0.047975923717021945,0.05079761756584048,0.00190231524892408,0.7291598041995178,20.843353898599496,traditional,0
77,0.04771451066434383,0.050341234887391326,0.001606473427280488,0.7306355686431532,20.957545797519167,traditional,0
78,0.047216182708740236,0.04987897804751992,0.0026507251436074923,0.7334487972505817,21.178730763512768,traditional,0
79,0.047216182708740236,0.04855067846477031,0.0010807416622221307,0.7334487972505817,21.178730763512768,traditional,0
80,0.04666642044484616,0.0489114094864577,0.001982872521968381,0.7365523897957723,21.428225311528603,traditional,0
81,0.04570386993885041,0.04827242405675351,0.001758733138810669,0.7419863105483862,21.8795065238764,traditional,0
82,0.04545907543599606,0.04792480823509395,0.0020434412706339914,0.7433682576991072,21.997323814561536,traditional,0
83,0.045021446660161016,0.047206929401308294,0.0018615194016322442,0.7458388190588885,22.21114297826176,traditional,0
84,0.0449976015239954,0.046612224502861496,0.0011507513395136212,0.7459734328578032,22.22291284911937,traditional,0
85,0.044346014842391014,0.0461977461386472,0.002429428940694676,0.7496518584253364,22.549432099409465,traditional,0
86,0.044346014842391014,0.04590028400495648,0.0018343178891798231,0.7496518584253364,22.549432099409465,traditional,0
87,0.0443199811577797,0.04663929271735251,0.0034887686896407297,0.7497988273149636,22.562677401929967,traditional,0
88,0.043599507346749306,0.04579369419813156,0.0026808644688942995,0.7538661438548089,22.93551292986402,traditional,0
89,0.043599507346749306,0.04492396727055311,0.0009644560284292543,0.7538661438548089,22.93551292986402,traditional,0
0,0.15789206755161286,0.20002207924425602,0.015046595352381622,0.0,6.33340029113764,traditional,1
1,0.15178721809387208,0.18138522444963456,0.010285150097157211,0.0386647002120305,6.588126618507102,traditional,1
2,0.13636269378662108,0.16706482956409455,0.01289381491744866,0.13635500566204262,7.333330245254122,traditional,1
3,0.1295436065196991,0.14988884557783605,0.008804791296317692,0.17954328847234224,7.719348777734995,traditional,1
4,0.1295436065196991,0.13965366816222669,0.005935486727085732,0.17954328847234224,7.719348777734995,traditional,1
5,0.11923823308944702,0.13301381199508905,0.0049103056246944474,0.24481175692711987,8.386501439923322,traditional,1
6,0.11600422590970993,0.12814662988185882,0.005442991948565257,0.2652941486639938,8.62030130244587,traditional,1
7,0.11306540542840958,0.12178586945384742,0.004069941494691172,0.2839069930384567,8.844360057357369,traditional,1
8,0.10859765654802322,0.11711106185615064,0.0036952312673333085,0.31220321430952147,9.208217042333224,traditional,1
9,0.09772334408760071,0.11353010039776561,0.004467773781966637,0.38107502420502404,10.232864792662038,traditional,1
10,0.09478887528181076,0.10870602994710206,0.005186512055244587,0.399660307501987,10.549649918063455,traditional,1
11,0.09232930010557175,0.10375132640451193,0.006009346364486686,0.41523788029825814,10.830680706729925,traditional,1
12,0.09224544590711593,0.09827435641139745,0.0034202882153728602,0.41576896586674883,10.840526051344158,traditional,1
13,0.08986125391721725,0.09517246020883322,0.003129700958461943,0.4308691037449188,11.128142867651842,traditional,1
14,0.08482375019788742,0.09237497599720955,0.0026727633349199324,0.46277383333295297,11.789012023815017,traditional,1
15,0.08281753107905387,0.09072238723561168,0.0031835486200467228,0.47548010255814843,12.074592328200758,traditional,1
16,0.08281753107905387,0.08800987296178937,0.003257034944153185,0.47548010255814843,12.074592328200758,traditional,1
17,0.08067759057879448,0.08567594277858734,0.0036684879629603324,0.4890332881832583,12.394862042407066,traditional,1
18,0.07907529759407043,0.08435510040968656,0.0042881450935574154,0.4991813153107153,12.646014424365076,traditional,1
19,0.07751861736178398,0.0818287405654788,0.00280724193967771,0.5090404567889761,12.899960474946631,traditional,1
20,0.0771630566418171,0.08072785209342836,0.002675033331053164,0.5112923794186589,12.959401611579807,traditional,1
21,0.0760401117503643,0.07955176409706474,0.0031143188326384417,0.5184044839649226,13.15078089971783,traditional,1
22,0.07569412004947662,0.07823575952723623,0.0019953306785553074,0.5205958017825487,13.210891261502324,traditional,1
23,0.07458117148280144,0.0781002711199224,0.003003245915214477,0.5276445952015808,13.408030097790848,traditional,1
24,0.07352863955497742,0.07740782514661551,0.003122010595779179,0.5343107434390784,13.5999578680419,traditional,1
25,0.07323306369781495,0.07532679388746619,0.001365663283112467,0.5361827555150862,13.654847887812029,traditional,1
26,0.07201518073678016,0.07507485342994333,0.002281319644025944,0.5438961446670566,13.885768306084012,traditional,1
27,0.07095275589823723,0.0746402802914381,0.0026292220083428386,0.550624949065008,14.093686618002472,traditional,1
28,0.07063846921920777,0.07368192426487803,0.0025110253819124067,0.5526154650162081,14.156391760204325,traditional,1
29,0.06869989788532258,0.07293028181195257,0.002661977499044004,0.5648932910270146,14.55585051696453,traditional,1
30,0.06869989788532258,0.07105122390016913,0.0015058328525508573,0.5648932910270146,14.55585051696453,traditional,1
31,0.0683453245460987,0.07072499215379358,0.0014573947718064674,0.5671389601396061,14.631364695046813,traditional,1
32,0.06726874634623528,0.07024995263889432,0.0015107600323189955,0.5739574040079879,14.865523572112659,traditional,1
33,0.06722810649871827,0.07003285373449326,0.0026101136663144613,0.5742147940602382,14.87450974852782,traditional,1
34,0.06502434983849525,0.06897542134448886,0.0023195673743875308,0.5881721555312484,15.378617761899317,traditional,1
35,0.06491151437163353,0.06861980534344912,0.0035557024493729173,0.5888867922360013,15.40534994954679,traditional,1
36,0.06388633993268013,0.06749882265403867,0.0030284789391618163,0.5953796734481515,15.652553401874735,traditional,1
37,0.06155733183026314,0.06539782626032829,0.001765563071219638,0.6101303074637309,16.244754694739513,traditional,1
38,0.0614584273993969,0.0646156980663538,0.0020486618174241347,0.6107567127822495,16.270896790193866,traditional,1
39,0.05972538328170776,0.06369928658604622,0.0025105501290846265,0.6217328444180117,16.74301950083536,traditional,1
40,0.0596758197247982,0.06269798581674695,0.002096859236420567,0.6220467522518764,16.75692512790621,traditional,1
41,0.0596758197247982,0.06189215415194631,0.0017736475944210768,0.6220467522518764,16.75692512790621,traditional,1
42,0.0578163311779499,0.06111005968302489,0.0017205105755513776,0.6338237121440538,17.295851946576448,traditional,1
43,0.0578163311779499,0.060982367206364865,0.0021692416917774705,0.6338237121440538,17.295851946576448,traditional,1
44,0.0578163311779499,0.06093716672360897,0.0032553079463668666,0.6338237121440538,17.295851946576448,traditional,1
45,0.057218324154615405,0.0596529319986701,0.002332540688357536,0.6376111539871281,17.47661327312861,traditional,1
46,0.05679458132386207,0.05885267267450691,0.0017982791940533106,0.6402949039520516,17.6070035148995,traditional,1
47,0.05615494629740715,0.05847994988560677,0.0021036842291370147,0.6443459942719996,17.80755317885494,traditional,1
48,0.05603590273857117,0.05799113742187619,0.002070465241825447,0.64509994955729,17.845383151622382,traditional,1
49,0.05558221009373665,0.05747937556356192,0.0016974244858370562,0.6479733848847882,17.99104438756919,traditional,1
50,0.055064836740493776,0.057229929079115394,0.0016865036756137477,0.6512501381838337,18.16007999138656,traditional,1
51,0.05478288426995277,0.05677795606702567,0.0021414881512262026,0.6530358673525827,18.25354323312318,traditional,1
52,0.05415144363045693,0.056671155630797145,0.00193509664287393,0.6570350590110834,18.466387349463403,traditional,1
53,0.05415144363045693,0.05625130855366588,0.0019356188913221195,0.6570350590110834,18.466387349463403,traditional,1
54,0.053806964159011844,0.05550921855792403,0.0012818931881681444,0.6592167992136587,18.584609464963716,traditional,1
55,0.0537084541618824,0.055491509750485425,0.001464102719488138,0.6598407064096123,18.61869601180382,traditional,1
56,0.05328714749217034,0.05532947841435672,0.0017253961698567406,0.6625090270937679,18.765899117565134,traditional,1
57,0.052337427467107775,0.05546928512230516,0.0026792349092585647,0.6685240222723706,19.106420433217117,traditional,1
58,0.05181860959529877,0.05439664356708527,0.0017175847545251336,0.6718099243436664,19.297713892671297,traditional,1
59,0.051239370703697204,0.05328733549192548,0.00136875347100904,0.6754784993429279,19.515861932041915,traditional,1
60,0.050437515467405325,0.05327717908993364,0.0019495899894341846,0.6805570016940974,19.82611880490864,traditional,1
61,0.049783201679587365,0.05244034118615091,0.001919011216842659,0.6847010590743332,20.08669349437459,traditional,1
62,0.049783201679587365,0.05160628986619413,0.0014683818973775492,0.6847010590743332,20.08669349437459,traditional,1
63,0.049662712603807446,0.05102963737621904,0.001033177784057701,0.6854641694550403,20.135425798258495,traditional,1
64,0.04918366825580597,0.05109339873678983,0.0017097603560525297,0.6884981682836697,20.331538982820234,traditional,1
65,0.04873788821697235,0.05101345052160322,0.0024397478588037815,0.6913214895926258,20.51749714823757,traditional,1
66,0.04856827710568905,0.051349440157040946,0.00288872589831862,0.6923957114576849,20.589147287985213,traditional,1
67,0.04815468986332416,0.05030685820430517,0.0016599612514313748,0.6950151416087891,20.765978077319783,traditional,1
68,0.048070308670401574,0.04977423226051032,0.0017631430053033706,0.6955495648653279,20.802429300530342,traditional,1
69,0.04699455119669438,0.04959024094641209,0.0016173732377144682,0.7023628107135118,21.278609879786643,traditional,1
70,0.046880145445466044,0.048752695401385424,0.0009085953942529532,0.7030873927207171,21.33053683944729,traditional,1
0,0.1760928729772568,0.1993714628636837,0.011040841873787652,0.0,5.678789290579996,traditional,2
1,0.172930304646492,0.1894037134975195,0.008266293843729688,0.017959661156605966,5.782643009859958,traditional,2
2,0.1627241863012314,0.17774318303167821,0.007160829188808052,0.07591838584944899,6.145330189690695,traditional,2
3,0.1590961890220642,0.1691763106882572,0.005182637027439924,0.09652113494330783,6.285466174146648,traditional,2
4,0.15432040750980378,0.16317356678247452,0.0035910485911264446,0.12364194586265298,6.4799823701483,traditional,2
5,0.15131399178504945,0.15797371083796025,0.0035038302419121954,0.14071484423681158,6.608730491295603,traditional,2
6,0.14597552955150606,0.15361640088260173,0.0036642639876663143,0.17103101855598968,6.850416317420137,traditional,2
7,0.14057383543252944,0.14936172029078007,0.0041861347242634645,0.20170627546814346,7.113648733239755,traditional,2
8,0.12633714252710343,0.14412487742304803,0.005564743060988991,0.2825539137894555,7.915265967959511,traditional,2
9,0.12633714252710343,0.13948306701928379,0.006061822315027781,0.2825539137894555,7.915265967959511,traditional,2
10,0.12126214462518692,0.13306517192572354,0.00717437172206878,0.3113739211873243,8.246528680176544,traditional,2
11,0.11302778035402299,0.12639154360592367,0.005220816935367452,0.35813540637376595,8.847304172157312,traditional,2
12,0.11289427471160889,0.12163092673122881,0.005419741117620246,0.35889356109154,8.857766656350332,traditional,2
13,0.1078973394036293,0.11707230921536685,0.00425843569669188,0.3872702649495374,9.267983228723942,traditional,2
14,0.10392671293020249,0.1132070961534977,0.004840489214055713,0.409818744091789,9.622072609945691,traditional,2
15,0.10181348210573196,0.10865557268559933,0.0035657048854756917,0.42181940481553937,9.821785460358413,traditional,2
16,0.09852478659152984,0.10565294129699469,0.004118426780084917,0.4404953197381545,10.149627164569818,traditional,2
17,0.09396826601028442,0.10107780144810677,0.0025418090338606017,0.46637098695970014,10.641777279504934,traditional,2
18,0.09291295510530471,0.09867538448125124,0.003191182044619757,0.47236390925767424,10.762645921881623,traditional,2
19,0.0919603151679039,0.09535893745422364,0.0025848400096595585,0.47777378145348903,10.874137654231998,traditional,2
20,0.08972476607561111,0.09382882795482875,0.0023355890301717964,0.49046906579121186,11.145070627285687,traditional,2
21,0.08888760638237,0.09267020486593247,0.002177403994154678,0.4952231462891161,11.250035754844932,traditional,2
22,0.08647508144378663,0.09118390144705772,0.00246070876914631,0.5089234448747095,11.563891232167421,traditional,2
23,0.08527438521385193,0.08983886133134364,0.0031151117710701416,0.5157419844875522,11.72671337094778,traditional,2
24,0.08527438521385193,0.08838104673326015,0.002106460105693629,0.5157419844875522,11.72671337094778,traditional,2
25,0.08345958912372589,0.08741050430536271,0.002873040141440173,0.5260478876137986,11.981703106810725,traditional,2
26,0.0822343784570694,0.08591925625056028,0.0028331570154953387,0.5330056403379235,12.16021642707032,traditional,2
27,0.08090418124198914,0.08411146501600743,0.0022050560904258035,0.5405595929345858,12.360147825501786,traditional,2
28,0.08090418124198914,0.08328692912757396,0.0021417215722740702,0.5405595929345858,12.360147825501786,traditional,2
29,0.0799795172214508,0.08277098144516348,0.002108760718683731,0.5458105948911371,12.503044925693475,traditional,2
30,0.07880383357405663,0.08165854727849364,0.002151022389834927,0.5524870925114924,12.689576954188384,traditional,2
31,0.07778606846928597,0.08064576197937132,0.0020075897828677985,0.5582667989105249,12.855607232387829,traditional,2
32,0.07732693108916283,0.07982899884432554,0.00241641452233084,0.5608741581543168,12.931937864042318,traditional,2
33,0.07542136242985725,0.07854154495894909,0.0015443338746672223,0.5716955425016078,13.258667161612703,traditional,2
34,0.07541076812148094,0.0781137841053307,0.0018904421619309235,0.5717557056882103,13.260529820612327,traditional,2
35,0.07419003173708916,0.07708755726218224,0.0016542757741194996,0.5786880497618371,13.478718068562534,traditional,2
36,0.07370285618305206,0.07620371539518236,0.0017048834123699786,0.5814546327915774,13.567811126684935,traditional,2
37,0.07370285618305206,0.07582540839314461,0.0019761470100669778,0.5814546327915774,13.567811126684935,traditional,2
38,0.07257217264175415,0.07564988852813839,0.0028758507597629137,0.5878755828401574,13.77919641099804,traditional,2
39,0.07257217264175415,0.0749438371680677,0.0021649212965905813,0.5878755828401574,13.77919641099804,traditional,2
40,0.0720799523293972,0.07397078169211746,0.001444749162559606,0.5906708141521055,13.873290622329417,traditional,2
41,0.07172688803076745,0.07340570912137627,0.0013724786225678626,0.5926758032959614,13.94157875624406,traditional,2
42,0.07070546033978463,0.07284442264288664,0.0014052890841093075,0.5984763088684653,14.142979229824729,traditional,2
43,0.0693587552011013,0.07223770802319049,0.0015530862654044549,0.6061240070172556,14.417582603926519,traditional,2
44,0.0693587552011013,0.07154203111529352,0.001391365492102246,0.6061240070172556,14.417582603926519,traditional,2
45,0.06801717683672905,0.07060533801540733,0.001668535743469827,0.6137425911296603,14.701952426634454,traditional,2
46,0.06721172067523003,0.07008062863200903,0.0016048856394877283,0.6183166329286323,14.878136012853457,traditional,2
47,0.0662136344909668,0.0690842716820538,0.0013314340765393192,0.6239845862500148,15.102401571610622,traditional,2
48,0.06590486785769463,0.06888140464350581,0.0021463491610409697,0.6257380168576923,15.173155782717581,traditional,2
49,0.06534761703014375,0.06754103598594666,0.001549348183085497,0.6289025448600427,15.302542661900924,traditional,2
50,0.06483021354675293,0.06683371725603938,0.0011128672666018925,0.6318407869060887,15.424668848422087,traditional,2
51,0.06425284519791603,0.06646446978524327,0.001591682691384683,0.6351195587216378,15.56327091273338,traditional,2
52,0.06406561616063118,0.06605183338299395,0.0014142540786646032,0.6361827990113742,15.608753199837299,traditional,2
53,0.06343442976474761,0.06524596462696793,0.0012345947517919532,0.639767193911701,15.764061246349762,traditional,2
54,0.06318260169029236,0.06506429321691394,0.0013325185702482481,0.6411972806051458,15.826891364973292,traditional,2
55,0.06233188453316689,0.06445519743710756,0.0014086893860086264,0.6460283515209764,16.042896257558994,traditional,2
56,0.06180099955201149,0.06444411780238152,0.0022179491814233974,0.6490431525869115,16.180706243305565,traditional,2
57,0.06144430926442146,0.06388972684666513,0.002168369732171445,0.6510687330749765,16.274635313440072,traditional,2
58,0.061351494312286384,0.06356698655933142,0.0019807178695505035,0.6515958126243404,16.299255820145866,traditional,2
59,0.061063365548849106,0.0629791431389749,0.00189575130697245,0.6532320444522719,16.37616293908825,traditional,2
60,0.060169838041067125,0.06220811368748547,0.0017511059037192194,0.6583062277095204,16.619346390314377,traditional,2
61,0.060169838041067125,0.06189126338213682,0.0012012538397149445,0.6583062277095204,16.619346390314377,traditional,2
62,0.06014940974116326,0.06170106866508722,0.0016873606170506469,0.6584222363790281,16.62499065763905,traditional,2
63,0.060058768868446355,0.06158339907974005,0.001694677207168256,0.6589369697193639,16.650080725258512,traditional,2
64,0.060058768868446355,0.061818459618091584,0.0023886036847260796,0.6589369697193639,16.650080725258512,traditional,2
65,0.05893164393305779,0.060854649959504604,0.0011850352622934787,0.6653377110800556,16.96852428911743,traditional,2
66,0.05823485037684441,0.06076709848120809,0.0017165173936408832,0.6692946773356028,17.171553150318854,traditional,2
67,0.05818305572867394,0.06030162766501308,0.0020114660036269277,0.6695888098992595,17.18683903135315,traditional,2
68,0.05818305572867394,0.059716368092596527,0.0012444283592543753,0.6695888098992595,17.18683903135315,traditional,2
69,0.05794681450724602,0.06007389219924808,0.0023249265672858313,0.670930381636001,17.25690620955094,traditional,2
70,0.05715755519270897,0.059240096788853405,0.0015726549754380308,0.6754124444315748,17.495193792574344,traditional,2
71,0.05715755519270897,0.05862591300010681,0.0010669341551663419,0.6754124444315748,17.495193792574344,traditional,2
72,0.05696526616811752,0.05868065462782979,0.001759385290656773,0.6765044194862171,17.554248632845677,traditional,2
73,0.056356779038906096,0.05854602690190077,0.0014917505250288026,0.6799599093020372,17.74377942235195,traditional,2
74,0.056356779038906096,0.05788086964786053,0.0014703132806163125,0.6799599093020372,17.74377942235195,traditional,2
75,0.05586002764105797,0.057545366226136686,0.0013844121204947997,0.6827808718398697,17.90156827091734,traditional,2
76,0.05521787649393082,0.056860117281228306,0.000806424757582454,0.6864275336057328,18.109749120120387,traditional,2
0,0.17637892448902132,0.20261108257174493,0.009906413266263877,0.0,5.669579476785889,traditional,3
1,0.17225524985790253,0.1888343206256628,0.008612382837682949,0.02337963361022455,5.805304601864485,traditional,3
2,0.16449089443683623,0.17709511572718623,0.006220018817273224,0.06740051333584951,6.079326908013654,traditional,3
3,0.16011695826053618,0.16862326259315014,0.003780894137493009,0.0921990327109482,6.245395649954819,traditional,3
4,0.15577407729625703,0.16392449164390563,0.0041435544602164585,0.1168214810950774,6.419512141201987,traditional,3
5,0.14887839722633361,0.15899467245936394,0.004958663778169674,0.15591730895489997,6.716846109201745,traditional,3
6,0.14294911473989486,0.15319137786775827,0.004602130708925387,0.18953403784479528,6.995447340630344,traditional,3
7,0.13806934928894044,0.14898184649944307,0.004132403309248471,0.21720041275376667,7.242684654235903,traditional,3
8,0.1360853630900383,0.14416690110564231,0.004063377256011506,0.22844884396316345,7.34827485497848,traditional,3
9,0.13271502393484116,0.1391903583183885,0.004096798919438049,0.24755735800451606,7.534885165720187,traditional,3
10,0.12670307594537736,0.13496275140941144,0.005037909665526933,0.2816427681910263,7.8924059272655445,traditional,3
11,0.12274043148756028,0.13014840036779643,0.0035530894809609652,0.30410942325935175,8.147208223666098,traditional,3
12,0.12062784951925277,0.12694968000650406,0.0032832726022587557,0.31608694253739344,8.289890884190159,traditional,3
13,0.1155408702492714,0.12377115365564824,0.003729463701310616,0.34492813932277255,8.65487115486869,traditional,3
14,0.11191116005182267,0.11959266362339258,0.002898345105251984,0.36550718643945146,8.935579471765484,traditional,3
15,0.1094684419631958,0.11741922918707134,0.0042763947616160725,0.37935644930180046,9.134969376533455,traditional,3
16,0.1094684419631958,0.1132392436504364,0.00211638563989021,0.37935644930180046,9.134969376533455,traditional,3
17,0.10574383229017258,0.111896555288136,0.002954887877638299,0.4004735395880329,9.456726899484952,traditional,3
18,0.10280088955163956,0.10842021972239016,0.002353044825208321,0.41715888193865025,9.72744766036308,traditional,3
19,0.10132585555315018,0.10655125164836646,0.003297013538300458,0.42552175183800267,9.869051936339405,traditional,3
20,0.10018835657835007,0.10447848006337881,0.002275601311510128,0.4319709292445182,9.981100130311548,traditional,3
21,0.09872565704584121,0.103119667519629,0.002688795935321135,0.44026386751220736,10.128976609991721,traditional,3
22,0.09761620831489563,0.10126400903314352,0.002031000411998374,0.44655401093019054,10.24409545470896,traditional,3
23,0.09351371735334396,0.09995325025618076,0.003065434199554517,0.46981354136125986,10.693503956404156,traditional,3
24,0.09351371735334396,0.09829924197494984,0.0021165796641093994,0.46981354136125986,10.693503956404156,traditional,3
25,0.08921343469619751,0.0971638029575348,0.003027365501252447,0.49419447388823035,11.208948455542048,traditional,3
26,0.08865268832445145,0.09431471750438214,0.0026383683775398183,0.4973736880339713,11.279846545585757,traditional,3
27,0.08643725419044494,0.09190423728823663,0.0030355309588444503,0.5099343391459152,11.56895184158569,traditional,3
28,0.08579467028379441,0.08891757163256406,0.002575802270660036,0.5135775403305927,11.655599830296866,traditional,3
29,0.08371564361453057,0.08761898855492473,0.002129533341105198,0.525364814095227,11.945056046494816,traditional,3
30,0.0834231858253479,0.08599065078794957,0.00169233349219801,0.527022936175458,11.986931488831582,traditional,3
31,0.08286811468005181,0.085562976936996,0.0017556108006695065,0.5301699739913658,12.067221954293657,traditional,3
32,0.0827080657184124,0.08454180688932537,0.0015117926873943718,0.5310773894442216,12.090573038323942,traditional,3
33,0.08082054761052132,0.08418089039921761,0.0014679428151724914,0.5417788840437567,12.372938029088425,traditional,3
34,0.08048144808411598,0.08327488923743367,0.0017174702529285074,0.5437014466593738,12.42506936363135,traditional,3
35,0.07961444938182831,0.08226660264357924,0.0015658370246155059,0.5486169925773422,12.560376255669835,traditional,3
36,0.07857058158516884,0.08137481399103999,0.0015834066565092468,0.5545353175681743,12.727247941624224,traditional,3
37,0.07845834410190583,0.08059676791131495,0.00165798415793615,0.5551716605076052,12.745454495530371,traditional,3
38,0.07718860319256783,0.07990933395400643,0.001529848659449833,0.5623705983229735,12.95511258822334,traditional,3
39,0.07605256724357605,0.07943310918137432,0.0018531629435292844,0.5688114809413642,13.148627161659746,traditional,3
40,0.07561536288261414,0.07871173008084298,0.0027114084851662945,0.5712902598670693,13.224650880820425,traditional,3
41,0.07523073461651802,0.0774075733743608,0.001605096646227454,0.5734709527543311,13.29226296718191,traditional,3
42,0.07385974565148354,0.0769020342051983,0.002266988812436448,0.58124392772289,13.538991397657442,traditional,3
43,0.07294318291544914,0.0761356409944594,0.0016685858528641788,0.5864404824625774,13.709112365534578,traditional,3
44,0.0716317278444767,0.07508421013876795,0.0017090403088782543,0.5938759233735127,13.960099386011386,traditional,3
45,0.071069789737463,0.07460212273523212,0.001569658362394339,0.5970618941953763,14.07047823295648,traditional,3
46,0.06914953517913819,0.07360949970856309,0.0019742096663068628,0.607948991754724,14.461204058789221,traditional,3
47,0.06914953517913819,0.07247639153003693,0.0016891332849611276,0.607948991754724,14.461204058789221,traditional,3
48,0.0682663125693798,0.07155348519980906,0.001659494424815447,0.6129565209270282,14.648298905624912,traditional,3
49,0.0682663125693798,0.07092717211544514,0.001990365977598472,0.6129565209270282,14.648298905624912,traditional,3
50,0.06558657503128051,0.06998275936171414,0.0017212220441455547,0.6281495920145326,15.246790257500335,traditional,3
51,0.06558657503128051,0.06931402465030552,0.0017583234354725625,0.6281495920145326,15.246790257500335,traditional,3
52,0.06522736874222755,0.06809045072197914,0.0017672245511513374,0.6301861521653194,15.330752850065064,traditional,3
53,0.06432979026436805,0.06756805198416113,0.0022619648717641504,0.6352750735342405,15.544655924332494,traditional,3
54,0.063991010338068,0.06623247224316,0.0018599964486514158,0.6371958241413864,15.626950844598065,traditional,3
55,0.06321681833267212,0.06579335646480322,0.0019247184291463822,0.6415851921321414,15.818325060470835,traditional,3
56,0.06276615190505981,0.06507165575772524,0.0015712022033768079,0.6441402957473715,15.93190020016485,traditional,3
57,0.061447552651166915,0.06426942522004246,0.0014361376789757848,0.651616241400816,16.2737763031919,traditional,3
58,0.06118040373921395,0.06317767151966691,0.0015445858797570404,0.6531308719765886,16.344835830549183,traditional,3
59,0.060564394116401674,0.06306685058102011,0.0018804438898626184,0.6566234072927942,16.511078885709598,traditional,3
60,0.05942048394680023,0.06218767876178026,0.001610517593055217,0.6631089336838605,16.828930103719642,traditional,3
61,0.059289716958999636,0.06117072595953941,0.0011289629717161178,0.663850331717551,16.866046681329795,traditional,3
62,0.05878066322207451,0.060958344633132225,0.0019090664788888726,0.6667364687001859,17.012107946351303,traditional,3
63,0.05815724050998688,0.06013141181916,0.0013927469532416191,0.6702710333534954,17.194467907403094,traditional,3
64,0.05815724050998688,0.05965334539413451,0.0015704048413084108,0.6702710333534954,17.194467907403094,traditional,3
65,0.05739933869242668,0.05965785846114159,0.0015432194937475996,0.6745680423059871,17.421499990764666,traditional,3
66,0.056905309617519384,0.05931834953874349,0.0022857818730420976,0.6773689952902426,17.572743808572966,traditional,3
67,0.056905309617519384,0.05901365381181241,0.0017413924129397154,0.6773689952902426,17.572743808572966,traditional,3
68,0.055714263826608657,0.058319930373132225,0.0017284327724730807,0.6841217623476518,17.9484028490307,traditional,3
69,0.055714263826608657,0.0579933341883123,0.0014450905367945582,0.6841217623476518,17.9484028490307,traditional,3
70,0.055450910001993176,0.057395008992403754,0.001275849651140777,0.6856148762521528,18.033643926134477,traditional,3
71,0.05532565471529961,0.05691071884185076,0.0012195053486241392,0.6863250250811948,18.07447070757863,traditional,3
72,0.05532565471529961,0.056769153267145156,0.001660116314237523,0.6863250250811948,18.07447070757863,traditional,3
73,0.054771389305591583,0.0562010777272284,0.0013135722167037871,0.689467494689249,18.257374065255764,traditional,3
74,0.054182891279459,0.05574686380177736,0.0016275843711131934,0.6928040499372043,18.455669690506298,traditional,3
75,0.054126017183065415,0.05561288150101901,0.0015006701475908887,0.6931265039750569,18.47506203081273,traditional,3
76,0.052752876162528994,0.05500096269771456,0.0012725465644697752,0.7009116802624988,18.95595305488279,traditional,3
77,0.052752876162528994,0.0546883568637073,0.0011583741602212358,0.7009116802624988,18.95595305488279,traditional,3
78,0.05228063318133354,0.05427356913611294,0.00132463742498062,0.7035891145566673,19.127176010963574,traditional,3
79,0.052135551780462266,0.0539573508143425,0.0014570974947444367,0.7044116697530525,19.180401577204833,traditional,3
80,0.052135551780462266,0.05338318698555231,0.001043398626233552,0.7044116697530525,19.180401577204833,traditional,3
81,0.05185500484704972,0.053437719242274764,0.0013877852612905418,0.7060022619069921,19.284169749472973,traditional,3
82,0.051829901039600376,0.05294055590480566,0.0007843215098211986,0.7061445907454407,19.293509854979558,traditional,3
0,0.1804417793750763,0.1991536102473736,0.010289308999397043,0.0,5.541923059838022,traditional,4
1,0.170922097325325,0.18729863631725313,0.00795655546007925,0.05275763785261256,5.850584360150335,traditional,4
2,0.17061980867385865,0.17967709170281887,0.004719378895222436,0.05443290758511732,5.860949832394113,traditional,4
3,0.16252138125896454,0.17421248088777067,0.006099678054583816,0.09931401795180383,6.152998696263203,traditional,4
4,0.15358790576457979,0.16619868928790094,0.004936708827304498,0.1488229261731927,6.510886935627983,traditional,4
5,0.14828450238704682,0.16006825876533987,0.004663108261061579,0.17821414253062517,6.743747594352508,traditional,4
6,0.14530210733413695,0.15475736505389212,0.005302136200172697,0.19474243804643532,6.882165277445955,traditional,4
7,0.14365757435560228,0.14994153211861846,0.00441426838633951,0.20385636379151595,6.960948933856678,traditional,4
8,0.1344460597038269,0.14522180177718402,0.0032370588510271157,0.2549061521702253,7.437871844894917,traditional,4
9,0.12891704231500625,0.140954283952713,0.004781650526146842,0.2855477109487369,7.756866161188972,traditional,4
10,0.12512457060813903,0.1349270038187504,0.005983330041563571,0.30656541383329994,7.991971546181729,traditional,4
11,0.10998579102754594,0.12844529879242184,0.0054846150289198405,0.39046383044736344,9.09200087262799,traditional,4
12,0.10998579102754594,0.12282732127457859,0.004428076524256742,0.39046383044736344,9.09200087262799,traditional,4
13,0.10815992563962937,0.11849672037065032,0.005573788425430906,0.40058269202277075,9.2454830067912,traditional,4
14,0.1055594162940979,0.11171711168289185,0.005012004952628093,0.41499459460175103,9.473247975964188,traditional,4
15,0.10372122651338578,0.10855158677101136,0.0028140741244724278,0.42518175739231057,9.641135112645754,traditional,4
16,0.10244791179895402,0.10667579944431785,0.0030879842045005617,0.4322384086780695,9.760962634355769,traditional,4
17,0.10022514587640763,0.104192152787745,0.0021720116179871803,0.4445568746688422,9.977436438922185,traditional,4
18,0.09848921030759811,0.10396011755019426,0.004391559858132332,0.45417734934395115,10.153293376842898,traditional,4
19,0.09477961164712906,0.10161754754781724,0.003511771835091491,0.47473577363635444,10.550681016103049,traditional,4
20,0.09298645621538162,0.09926163652241231,0.0038962897268090295,0.48467335814675816,10.754138683864586,traditional,4
21,0.09153522557020187,0.09586675004363061,0.002920849719951032,0.49271601129618836,10.924636599015873,traditional,4
22,0.0914351110458374,0.09492547762542963,0.0032077075801035426,0.4932708413622141,10.936598118206216,traditional,4
23,0.09055415898561478,0.0932753254532814,0.0023299578126170584,0.498153036956126,11.04299314585551,traditional,4
24,0.08985652393102646,0.09349307842105628,0.0028337122437906933,0.5020192981790226,11.12872863899063,traditional,4
25,0.08820980376005173,0.09238653530478477,0.002773300869961356,0.5111453452434985,11.336479857049808,traditional,4
26,0.08709831613302231,0.09025480307936669,0.0021488243896919507,0.5173051582916675,11.481146401571642,traditional,4
27,0.08524598717689515,0.08945968795865775,0.0023571377760727152,0.5275706797387644,11.730619850821359,traditional,4
28,0.0848861455321312,0.0890447869360447,0.004130311168720208,0.5295649054996174,11.780346644139227,traditional,4
29,0.08271511435508729,0.08679743641242385,0.0027914973067074936,0.5415966599223616,12.089542742628808,traditional,4
30,0.08068161270022392,0.08563260815814137,0.003932051463557564,0.5528662320907696,12.394244144218506,traditional,4
31,0.08055362582206727,0.08415422167405487,0.0029582960519335044,0.553575529453054,12.413936379132908,traditional,4
32,0.08055362582206727,0.0837102133087814,0.0032890196715577853,0.553575529453054,12.413936379132908,traditional,4
33,0.07969485786557198,0.08242729612812401,0.0027266318146622554,0.5583347817696154,12.547703566812254,traditional,4
34,0.07832826006412506,0.08207526110261679,0.002704113291067405,0.5659084036114076,12.766621300665161,traditional,4
35,0.07605065652728081,0.08129222286492585,0.003594875073652537,0.5785307771256363,13.14895750681362,traditional,4
36,0.07515946424007416,0.07992205070480704,0.0037617798302532336,0.5834697235841177,13.304867261142043,traditional,4
37,0.07381930485367776,0.07860707722976804,0.00287685170539393,0.5908968249518707,13.54640843033825,traditional,4
38,0.07219112244248391,0.0774989232726395,0.0035639766818335093,0.5999201366085876,13.851926860811007,traditional,4
39,0.06981916335225105,0.07499995890334249,0.0026402493797420407,0.6130654242379141,14.322510174530539,traditional,4
40,0.06938445684313774,0.07256572983637452,0.0019024135592878538,0.6154745476162072,14.412242067681948,traditional,4
41,0.06795979991555214,0.07119735013023018,0.002198671486910363,0.6233699304511561,14.714364769728972,traditional,4
42,0.06754090663790703,0.07049688745141029,0.002082556310339589,0.6256914176316519,14.80562290550979,traditional,4
43,0.06719681787490844,0.06947869640290738,0.001901364188543005,0.6275983416499712,14.881435612411432,traditional,4
44,0.06623742234706878,0.06895701171532273,0.0016392254676713075,0.6329152673152042,15.096977925595967,traditional,4
45,0.06623742234706878,0.06927502515763044,0.002857822774346193,0.6329152673152042,15.096977925595967,traditional,4
46,0.06565600302815437,0.06824748482331633,0.0016837440116846015,0.6361374663033101,15.230667771588509,traditional,4
47,0.06535361909866333,0.06778367318883538,0.0016973295461618308,0.6378132640622233,15.301137299726877,traditional,4
48,0.06431902971863747,0.06694227124527097,0.0016954889356887955,0.64354691058028,15.54725649808334,traditional,4
49,0.06408263769745827,0.06688875995725393,0.0028525304979098434,0.644856984233942,15.604607290257848,traditional,4
50,0.06310856506228447,0.06561346180513501,0.0019278481368907243,0.6502552497495411,15.845458592735886,traditional,4
51,0.06211588108539581,0.06553713796585799,0.0026157818784374575,0.6557566584605758,16.09868336153645,traditional,4
52,0.06140209102630616,0.06435610412731767,0.002246296751311164,0.6597124499716202,16.28582508283797,traditional,4
53,0.061025865346193316,0.06359103836715221,0.002424529158166133,0.6617974752989907,16.386225874902767,traditional,4
54,0.060694093197584155,0.06279874434992672,0.0015512115754843278,0.6636361412097248,16.475796432911697,traditional,4
55,0.06051618656516075,0.062477389591932296,0.0017413957648424296,0.6646220915425111,16.524231491218924,traditional,4
56,0.060393621355295184,0.06224715329259635,0.0023034701819033576,0.6653013422697542,16.557765866551353,traditional,4
57,0.060241942077875144,0.06267481395229697,0.003341154181954462,0.6661419418135259,16.599454898921024,traditional,4
58,0.05941287493705749,0.061512362162023784,0.0016855471955039161,0.6707365935825838,16.83108534932944,traditional,4
59,0.05896130812168121,0.061070182764530176,0.0018569759205180115,0.6732391559987836,16.959987352196055,traditional,4
60,0.05896130812168121,0.06146300540342927,0.0021689405316570962,0.6732391559987836,16.959987352196055,traditional,4
61,0.058543869465589524,0.06106414494290948,0.002635987501777096,0.6755525817338733,17.080916041460515,traditional,4
62,0.05785632649064064,0.060392802878469244,0.002011810313614117,0.6793629131179355,17.28389575971448,traditional,4
63,0.0569437652528286,0.06009672193601727,0.0024116496063355725,0.684420285312848,17.560876676900996,traditional,4
64,0.056597907185554505,0.05923795475438237,0.00278018708972328,0.6863370147336723,17.668185654567296,traditional,4
65,0.05531712675094605,0.05792226857990027,0.0013028275762625163,0.6934350406955321,18.077257107823126,traditional,4
66,0.05531712675094605,0.057934959125518805,0.0020733341435381007,0.6934350406955321,18.077257107823126,traditional,4
67,0.05431786563992501,0.05700132614970207,0.001831058168118555,0.6989728995798867,18.409810076464264,traditional,4
68,0.05406722867488861,0.05704178119376302,0.0026425234188310488,0.7003619180539034,18.49515000783517,traditional,4
69,0.0537016912996769,0.055686258295923476,0.0017791521322811533,0.7023877092896009,18.621040692722534,traditional,4
70,0.05348466309905052,0.05520257011577486,0.001674735663727799,0.7035904695448922,18.69659908951848,traditional,4
71,0.053388790875673296,0.05520658874288202,0.002291405526381632,0.7041217889749558,18.73017263410266,traditional,4
72,0.053388790875673296,0.05437304626181723,0.0010396773383912726,0.7041217889749558,18.73017263410266,traditional,4
73,0.05308179965615273,0.05470915761291981,0.0015409835808348395,0.7058231201222309,18.838493946769287,traditional,4
74,0.05308179965615273,0.054471021547913556,0.0022006825333302283,0.7058231201222309,18.838493946769287,traditional,4
75,0.05252937021851539,0.05389243856221437,0.000896790592904123,0.708884658528417,19.03660674463569,traditional,4
